A,Z,,,,
1,1,1H,938.272,0,0
2,1,2H,1875.613,2.225,1.112
3,1,3H,2808.921,8.482,2.827
3,2,3He,2808.391,7.718,2.573
4,1,4H,3751.365,5.603,1.401
4,2,4He,3727.379,28.296,7.074
4,3,4Li,3749.763,4.618,1.155
5,1,5H,4689.849,6.684,1.337
5,2,5He,4667.838,27.402,5.48
5,3,5Li,4667.617,26.33,5.266
6,1,6H,5630.313,5.786,0.964
6,2,6He,5605.537,29.268,4.878
6,3,6Li,5601.518,31.994,5.332
6,4,6Be,5605.295,26.924,4.487
7,2,7He,6545.537,28.834,4.119
7,3,7Li,6533.833,39.244,5.606
7,4,7Be,6534.184,37.6,5.371
7,5,7B,6545.773,24.718,3.531
8,2,8He,7482.528,31.408,3.926
8,3,8Li,7471.366,41.277,5.16
8,4,8Be,7454.85,56.5,7.062
8,5,8B,7472.319,37.737,4.717
8,6,8C,7483.98,24.783,3.098
9,2,9He,8423.363,30.138,3.349
9,3,9Li,8406.867,45.341,5.038
9,4,9Be,8392.75,58.165,6.463
9,5,9B,8393.307,56.314,6.257
9,6,9C,8409.291,39.037,4.337
10,2,10He,9362.728,30.339,3.034
10,3,10Li,9346.458,45.315,4.532
10,4,10Be,9325.503,64.977,6.498
10,5,10B,9324.436,64.751,6.475
10,6,10C,9327.573,60.32,6.032
10,7,10N,9350.163,36.437,3.644
11,3,11Li,10285.698,45.64,4.149
11,4,11Be,10264.564,65.481,5.953
11,5,11B,10252.547,76.205,6.928
11,6,11C,10254.018,73.44,6.676
11,7,11N,10267.157,59.008,5.364
12,4,12Be,11200.961,68.649,5.721
12,5,12B,11188.742,79.575,6.631
12,6,12C,11174.862,92.162,7.68
12,7,12N,11191.689,74.041,6.17
12,8,12O,11205.888,58.549,4.879
13,4,13Be,12140.628,68.548,5.273
13,5,13B,12123.429,84.453,6.496
13,6,13C,12109.481,97.108,7.47
13,7,13N,12111.191,94.105,7.239
13,8,13O,12128.446,75.556,5.812
14,4,14Be,13078.822,69.919,4.994
14,5,14B,13062.025,85.423,6.102
14,6,14C,13040.87,105.285,7.52
14,7,14N,13040.203,104.659,7.476
14,8,14O,13044.836,98.732,7.052
15,5,15B,13998.827,88.186,5.879
15,6,15C,13979.217,106.503,7.1
15,7,15N,13968.935,115.492,7.699
15,8,15O,13971.178,111.955,7.464
15,9,15F,13984.591,97.249,6.483
16,5,16B,14938.429,88.149,5.509
16,6,16C,14914.532,110.753,6.922
16,7,16N,14906.011,117.981,7.374
16,8,16O,14895.079,127.619,7.976
16,9,16F,14909.985,111.42,6.964
16,10,16Ne,14922.79,97.322,6.083
17,5,17B,15876.613,89.531,5.267
17,6,17C,15853.371,111.479,6.558
17,7,17N,15839.692,123.865,7.286
17,8,17O,15830.501,131.763,7.751
17,9,17F,15832.751,128.22,7.542
17,10,17Ne,15846.749,112.928,6.643
18,6,18C,16788.756,115.66,6.426
18,7,18N,16776.429,126.693,7.039
18,8,18O,16762.023,139.807,7.767
18,9,18F,16763.167,137.369,7.632
18,10,18Ne,16767.099,132.143,7.341
18,11,18Na,16785.461,112.488,6.249
19,6,19C,17727.74,116.241,6.118
19,7,19N,17710.671,132.017,6.948
19,8,19O,17697.633,143.761,7.566
19,9,19F,17692.3,147.801,7.779
19,10,19Ne,17695.028,143.78,7.567
19,11,19Na,17705.692,131.822,6.938
19,12,19Mg,17725.294,110.927,5.838
20,6,20C,18664.374,119.172,5.959
20,7,20N,18648.073,134.18,6.709
20,8,20O,18629.59,151.37,7.569
20,9,20F,18625.264,154.403,7.72
20,10,20Ne,18617.728,160.645,8.032
20,11,20Na,18631.107,145.973,7.299
20,12,20Mg,18641.318,134.468,6.723
21,7,21N,19583.047,138.771,6.608
21,8,21O,19565.349,155.176,7.389
21,9,21F,19556.728,162.504,7.738
21,10,21Ne,19550.533,167.406,7.972
21,11,21Na,19553.569,163.076,7.766
21,12,21Mg,19566.153,149.199,7.105
22,7,22N,20521.331,140.053,6.366
22,8,22O,20498.06,162.03,7.365
22,9,22F,20491.062,167.735,7.624
22,10,22Ne,20479.734,177.77,8.08
22,11,22Na,20482.065,174.146,7.916
22,12,22Mg,20486.339,168.578,7.663
23,8,23O,21434.884,164.772,7.164
23,9,23F,21423.093,175.269,7.62
23,10,23Ne,21414.098,182.971,7.955
23,11,23Na,21409.211,186.564,8.111
23,12,23Mg,21412.757,181.726,7.901
23,13,23Al,21424.489,168.7,7.335
24,8,24O,22370.838,168.383,7.016
24,9,24F,22358.817,179.111,7.463
24,10,24Ne,22344.795,191.84,7.993
24,11,24Na,22341.817,193.524,8.064
24,12,24Mg,22335.791,198.257,8.261
24,13,24Al,22349.156,183.598,7.65
24,14,24Si,22359.457,172.004,7.167
25,9,25F,23294.021,183.472,7.339
25,10,25Ne,23280.132,196.068,7.843
25,11,25Na,23272.372,202.535,8.101
25,12,25Mg,23268.026,205.588,8.224
25,13,25Al,23271.791,200.529,8.021
25,14,25Si,23284.02,187.006,7.48
26,9,26F,24232.515,184.543,7.098
26,10,26Ne,24214.164,201.601,7.754
26,11,26Na,24206.361,208.111,8.004
26,12,26Mg,24196.498,216.681,8.334
26,13,26Al,24199.991,211.894,8.15
26,14,26Si,24204.545,206.047,7.925
27,9,27F,25170.669,185.955,6.887
27,10,27Ne,25152.298,203.032,7.52
27,11,27Na,25139.2,214.837,7.957
27,12,27Mg,25129.62,223.124,8.264
27,13,27Al,25126.499,224.952,8.332
27,14,27Si,25130.8,219.357,8.124
27,15,27P,25141.956,206.908,7.663
28,10,28Ne,26087.962,206.934,7.39
28,11,28Na,26075.222,218.38,7.799
28,12,28Mg,26060.682,231.627,8.272
28,13,28Al,26058.339,232.677,8.31
28,14,28Si,26053.186,236.537,8.448
28,15,28P,26067.008,221.421,7.908
28,16,28S,26077.726,209.41,7.479
29,10,29Ne,27026.276,208.185,7.179
29,11,29Na,27010.37,222.798,7.683
29,12,29Mg,26996.575,235.299,8.114
29,13,29Al,26988.468,242.113,8.349
29,14,29Si,26984.277,245.011,8.449
29,15,29P,26988.709,239.286,8.251
29,16,29S,27001.99,224.711,7.749
30,10,30Ne,27962.81,211.216,7.041
30,11,30Na,27947.56,225.173,7.506
30,12,30Mg,27929.777,241.663,8.055
30,13,30Al,27922.305,247.841,8.261
30,14,30Si,27913.233,255.62,8.521
30,15,30P,27916.955,250.605,8.354
30,16,30S,27922.581,243.685,8.123
31,11,31Na,28883.343,228.955,7.386
31,12,31Mg,28866.965,244.04,7.872
31,13,31Al,28854.717,254.994,8.226
31,14,31Si,28846.211,262.207,8.458
31,15,31P,28844.209,262.917,8.481
31,16,31S,28849.094,256.738,8.282
31,17,31Cl,28860.557,243.981,7.87
32,11,32Na,29821.247,230.616,7.207
32,12,32Mg,29800.721,249.849,7.808
32,13,32Al,29790.105,259.172,8.099
32,14,32Si,29776.574,271.41,8.482
32,15,32P,29775.838,270.852,8.464
32,16,32S,29773.617,271.781,8.493
32,17,32Cl,29785.791,258.312,8.072
32,18,32Ar,29796.41,246.4,7.7
33,11,33Na,30758.571,232.858,7.056
33,12,33Mg,30738.064,252.071,7.639
33,13,33Al,30724.129,264.713,8.022
33,14,33Si,30711.655,275.894,8.36
33,15,33P,30705.3,280.956,8.514
33,16,33S,30704.54,280.422,8.498
33,17,33Cl,30709.612,274.057,8.305
33,18,33Ar,30720.72,261.656,7.929
34,12,34Mg,31673.474,256.227,7.536
34,13,34Al,31661.223,267.184,7.858
34,14,34Si,31643.685,283.429,8.336
34,15,34P,31638.573,287.248,8.448
34,16,34S,31632.689,291.839,8.584
34,17,34Cl,31637.67,285.565,8.399
34,18,34Ar,31643.221,278.72,8.198
35,13,35Al,32595.517,272.456,7.784
35,14,35Si,32580.776,285.903,8.169
35,15,35P,32569.768,295.619,8.446
35,16,35S,32565.268,298.825,8.538
35,17,35Cl,32564.59,298.21,8.52
35,18,35Ar,32570.045,291.461,8.327
35,19,35K,32581.412,278.801,7.966
36,13,36Al,33532.921,274.617,7.628
36,14,36Si,33514.15,292.095,8.114
36,15,36P,33505.868,299.083,8.308
36,16,36S,33494.944,308.714,8.575
36,17,36Cl,33495.576,306.79,8.522
36,18,36Ar,33494.355,306.717,8.52
36,19,36K,33506.649,293.129,8.142
36,20,36Ca,33517.124,281.361,7.816
37,13,37Al,34468.585,278.518,7.528
37,14,37Si,34451.544,294.266,7.953
37,15,37P,34438.623,305.894,8.267
37,16,37S,34430.206,313.018,8.46
37,17,37Cl,34424.83,317.101,8.57
37,18,37Ar,34425.133,315.504,8.527
37,19,37K,34430.769,308.575,8.34
37,20,37Ca,34441.897,296.154,8.004
38,13,38Al,35406.18,280.49,7.381
38,14,38Si,35385.549,299.827,7.89
38,15,38P,35374.348,309.735,8.151
38,16,38S,35361.736,321.054,8.449
38,17,38Cl,35358.287,323.208,8.505
38,18,38Ar,35352.86,327.343,8.614
38,19,38K,35358.263,320.646,8.438
38,20,38Ca,35364.494,313.122,8.24
39,13,39Al,36343.024,283.211,7.262
39,14,39Si,36323.043,301.899,7.741
39,15,39P,36307.732,315.916,8.1
39,16,39S,36296.931,325.424,8.344
39,17,39Cl,36289.779,331.282,8.494
39,18,39Ar,36285.827,333.941,8.563
39,19,39K,36284.751,333.724,8.557
39,20,39Ca,36290.772,326.409,8.369
39,21,39Sc,36303.368,312.52,8.013
40,14,40Si,37258.077,306.43,7.661
40,15,40P,37243.986,319.228,7.981
40,16,40S,37228.715,333.205,8.33
40,17,40Cl,37223.514,337.113,8.428
40,18,40Ar,37215.523,343.811,8.595
40,19,40K,37216.516,341.524,8.538
40,20,40Ca,37214.694,342.052,8.551
40,21,40Sc,37228.506,326.947,8.174
40,22,40Ti,37239.669,314.491,7.862
41,14,41Si,38197.661,306.411,7.473
41,15,41P,38178.31,324.469,7.914
41,16,41S,38164.059,337.427,8.23
41,17,41Cl,38155.258,344.934,8.413
41,18,41Ar,38148.989,349.91,8.534
41,19,41K,38145.986,351.619,8.576
41,20,41Ca,38145.897,350.415,8.547
41,21,41Sc,38151.881,343.137,8.369
42,15,42P,39116.024,326.32,7.77
42,16,42S,39096.893,344.158,8.194
42,17,42Cl,39089.152,350.606,8.348
42,18,42Ar,39079.128,359.336,8.556
42,19,42K,39078.018,359.153,8.551
42,20,42Ca,39073.981,361.896,8.617
42,21,42Sc,39079.896,354.688,8.445
42,22,42Ti,39086.385,346.906,8.26
43,15,43P,40052.348,329.562,7.664
43,16,43S,40034.097,346.519,8.059
43,17,43Cl,40021.386,357.937,8.324
43,18,43Ar,40013.035,364.995,8.488
43,19,43K,40007.941,368.795,8.577
43,20,43Ca,40005.614,369.829,8.601
43,21,43Sc,40007.324,366.826,8.531
43,22,43Ti,40013.68,359.176,8.353
44,16,44S,40968.441,351.741,7.994
44,17,44Cl,40956.82,362.068,8.229
44,18,44Ar,40943.865,373.729,8.494
44,19,44K,40940.218,376.084,8.547
44,20,44Ca,40934.048,380.96,8.658
44,21,44Sc,40937.189,376.525,8.557
44,22,44Ti,40936.946,375.475,8.534
44,23,44V,40949.864,361.264,8.211
45,16,45S,41905.805,353.942,7.865
45,17,45Cl,41890.184,368.27,8.184
45,18,45Ar,41878.262,378.898,8.42
45,19,45K,41870.914,384.953,8.555
45,20,45Ca,41866.199,388.375,8.631
45,21,45Sc,41865.432,387.848,8.619
45,22,45Ti,41866.983,385.004,8.556
45,23,45V,41873.598,377.096,8.38
45,24,45Cr,41885.997,363.403,8.076
46,17,46Cl,42825.328,372.691,8.102
46,18,46Ar,42809.807,386.919,8.411
46,19,46K,42803.598,391.834,8.518
46,20,46Ca,42795.37,398.769,8.669
46,21,46Sc,42796.237,396.609,8.622
46,22,46Ti,42793.359,398.193,8.656
46,23,46V,42799.899,390.36,8.486
46,24,46Cr,42806.987,381.979,8.304
47,18,47Ar,43745.111,391.18,8.323
47,19,47K,43734.814,400.184,8.515
47,20,47Ca,43727.659,406.045,8.639
47,21,47Sc,43725.156,407.255,8.665
47,22,47Ti,43724.044,407.073,8.661
47,23,47V,43726.464,403.36,8.582
47,24,47Cr,43733.397,395.134,8.407
48,19,48K,44669.88,404.683,8.431
48,20,48Ca,44657.279,415.991,8.666
48,21,48Sc,44656.486,415.49,8.656
48,22,48Ti,44651.983,418.7,8.723
48,23,48V,44655.484,413.905,8.623
48,24,48Cr,44656.63,411.466,8.572
48,25,48Mn,44669.618,397.185,8.275
49,19,49K,45603.178,410.95,8.387
49,20,49Ca,45591.698,421.137,8.595
49,21,49Sc,45585.924,425.618,8.686
49,22,49Ti,45583.406,426.842,8.711
49,23,49V,45583.497,425.458,8.683
49,24,49Cr,45585.612,422.049,8.613
49,25,49Mn,45592.816,413.552,8.44
50,19,50K,46539.642,414.052,8.281
50,20,50Ca,46524.91,427.49,8.55
50,21,50Sc,46519.433,431.674,8.633
50,22,50Ti,46512.032,437.781,8.756
50,23,50V,46513.726,434.794,8.696
50,24,50Cr,46512.177,435.049,8.701
50,25,50Mn,46519.299,426.634,8.533
50,26,50Fe,46526.935,417.705,8.354
51,20,51Ca,47460.115,431.851,8.468
51,21,51Sc,47452.246,438.426,8.597
51,22,51Ti,47445.225,444.154,8.709
51,23,51V,47442.24,445.845,8.742
51,24,51Cr,47442.482,444.31,8.712
51,25,51Mn,47445.178,440.32,8.634
51,26,51Fe,47452.687,431.519,8.461
52,20,52Ca,48394.959,436.572,8.396
52,21,52Sc,48386.598,443.639,8.532
52,22,52Ti,48376.982,451.962,8.692
52,23,52V,48374.494,453.156,8.715
52,24,52Cr,48370.008,456.349,8.776
52,25,52Mn,48374.208,450.856,8.67
52,26,52Fe,48376.071,447.7,8.61
53,22,53Ti,49311.111,457.398,8.63
53,23,53V,49305.581,461.635,8.71
53,24,53Cr,49301.634,464.289,8.76
53,25,53Mn,49301.72,462.909,8.734
53,26,53Fe,49304.951,458.384,8.649
53,27,53Co,49312.741,449.302,8.477
54,21,54Sc,50255.726,453.642,8.401
54,22,54Ti,50243.845,464.23,8.597
54,23,54V,50239.033,467.748,8.662
54,24,54Cr,50231.48,474.008,8.778
54,25,54Mn,50232.346,471.848,8.738
54,26,54Fe,50231.138,471.763,8.736
54,27,54Co,50238.87,462.738,8.569
54,28,54Ni,50247.159,453.156,8.392
55,21,55Sc,51191.86,457.073,8.31
55,22,55Ti,51179.259,468.381,8.516
55,23,55V,51171.268,475.079,8.638
55,24,55Cr,51164.799,480.254,8.732
55,25,55Mn,51161.685,482.075,8.765
55,26,55Fe,51161.405,481.061,8.747
55,27,55Co,51164.346,476.827,8.67
55,28,55Ni,51172.527,467.353,8.497
56,22,56Ti,52113.483,473.722,8.459
56,23,56V,52105.832,480.08,8.573
56,24,56Cr,52096.12,488.499,8.723
56,25,56Mn,52093.98,489.345,8.738
56,26,56Fe,52089.773,492.258,8.79
56,27,56Co,52093.828,486.91,8.695
56,28,56Ni,52095.453,483.992,8.643
57,22,57Ti,53050.377,476.394,8.358
57,23,57V,53039.216,486.261,8.531
57,24,57Cr,53030.371,493.813,8.663
57,25,57Mn,53024.897,497.994,8.737
57,26,57Fe,53021.693,499.905,8.77
57,27,57Co,53022.018,498.286,8.742
57,28,57Ni,53024.769,494.242,8.671
57,29,57Cu,53033.03,484.687,8.503
58,23,58V,53974.69,490.353,8.454
58,24,58Cr,53962.559,501.19,8.641
58,25,58Mn,53957.968,504.488,8.698
58,26,58Fe,53951.213,509.949,8.792
58,27,58Co,53953.01,506.859,8.739
58,28,58Ni,53952.117,506.459,8.732
58,29,58Cu,53960.172,497.111,8.571
58,30,58Zn,53969.023,486.966,8.396
59,23,59V,54909.324,495.284,8.395
59,24,59Cr,54897.993,505.322,8.565
59,25,59Mn,54889.892,512.129,8.68
59,26,59Fe,54884.198,516.53,8.755
59,27,59Co,54882.121,517.313,8.768
59,28,59Ni,54882.683,515.458,8.737
59,29,59Cu,54886.971,509.877,8.642
59,30,59Zn,54895.557,499.998,8.475
60,23,60V,55845.308,498.865,8.314
60,24,60Cr,55830.877,512.003,8.533
60,25,60Mn,55823.686,517.901,8.632
60,26,60Fe,55814.943,525.35,8.756
60,27,60Co,55814.195,524.805,8.747
60,28,60Ni,55810.861,526.846,8.781
60,29,60Cu,55816.478,519.935,8.666
60,30,60Zn,55820.123,514.997,8.583
61,24,61Cr,56766.691,515.754,8.455
61,25,61Mn,56756.8,524.352,8.596
61,26,61Fe,56748.928,530.931,8.704
61,27,61Co,56744.439,534.126,8.756
61,28,61Ni,56742.606,534.666,8.765
61,29,61Cu,56744.332,531.646,8.716
61,30,61Zn,56749.46,525.225,8.61
61,31,61Ga,56758.204,515.188,8.446
62,24,62Cr,57699.955,522.056,8.42
62,25,62Mn,57691.814,528.903,8.531
62,26,62Fe,57680.442,538.982,8.693
62,27,62Co,57677.4,540.731,8.721
62,28,62Ni,57671.575,545.262,8.795
62,29,62Cu,57675.012,540.532,8.718
62,30,62Zn,57676.128,538.123,8.679
62,31,62Ga,57684.788,528.169,8.519
63,25,63Mn,58624.998,535.285,8.497
63,26,63Fe,58615.287,543.702,8.63
63,27,63Co,58608.486,549.21,8.718
63,28,63Ni,58604.302,552.1,8.763
63,29,63Cu,58603.724,551.385,8.752
63,30,63Zn,58606.58,547.236,8.686
63,31,63Ga,58611.735,540.788,8.584
64,25,64Mn,59560.222,539.626,8.432
64,26,64Fe,59547.561,550.994,8.609
64,27,64Co,59542.027,555.234,8.676
64,28,64Ni,59534.21,561.758,8.777
64,29,64Cu,59535.374,559.301,8.739
64,30,64Zn,59534.283,559.098,8.736
64,31,64Ga,59540.942,551.146,8.612
64,32,64Ge,59544.915,545.88,8.529
65,25,65Mn,60493.666,545.747,8.396
65,26,65Fe,60482.945,555.175,8.541
65,27,65Co,60474.144,562.683,8.657
65,28,65Ni,60467.677,567.856,8.736
65,29,65Cu,60465.028,569.212,8.757
65,30,65Zn,60465.869,567.077,8.724
65,31,65Ga,60468.613,563.04,8.662
65,32,65Ge,60474.349,556.011,8.554
66,26,66Fe,61415.749,561.936,8.514
66,27,66Co,61408.698,567.694,8.601
66,28,66Ni,61398.291,576.808,8.74
66,29,66Cu,61397.528,576.278,8.731
66,30,66Zn,61394.375,578.136,8.76
66,31,66Ga,61399.04,572.179,8.669
66,32,66Ge,61400.633,569.292,8.626
66,33,66As,61410.242,558.39,8.46
67,26,67Fe,62351.123,566.128,8.45
67,27,67Co,62341.242,574.715,8.578
67,28,67Ni,62332.048,582.616,8.696
67,29,67Cu,62327.961,585.409,8.737
67,30,67Zn,62326.889,585.189,8.734
67,31,67Ga,62327.378,583.406,8.708
67,32,67Ge,62331.089,578.402,8.633
67,33,67As,62336.586,571.611,8.532
68,26,68Fe,63285.177,571.639,8.406
68,27,68Co,63276.446,579.077,8.516
68,28,68Ni,63263.821,590.408,8.682
68,29,68Cu,63261.207,591.729,8.702
68,30,68Zn,63256.256,595.387,8.756
68,31,68Ga,63258.666,591.683,8.701
68,32,68Ge,63258.261,590.795,8.688
68,33,68As,63265.83,581.933,8.558
68,34,68Se,63270.009,576.46,8.477
69,27,69Co,64209.29,585.798,8.49
69,28,69Ni,64198.8,594.995,8.623
69,29,69Cu,64192.532,599.969,8.695
69,30,69Zn,64189.339,601.869,8.723
69,31,69Ga,64187.918,601.996,8.725
69,32,69Ge,64189.634,598.987,8.681
69,33,69As,64193.134,594.194,8.612
69,34,69Se,64199.413,586.622,8.502
70,27,70Co,65145.144,589.509,8.422
70,28,70Ni,65131.123,602.237,8.603
70,29,70Cu,65126.786,605.281,8.647
70,30,70Zn,65119.686,611.087,8.73
70,31,70Ga,65119.83,609.65,8.709
70,32,70Ge,65117.666,610.521,8.722
70,33,70As,65123.378,603.515,8.622
70,34,70Se,65125.157,600.443,8.578
71,27,71Co,66078.408,595.811,8.392
71,28,71Ni,66066.567,606.358,8.54
71,29,71Cu,66058.545,613.087,8.635
71,30,71Zn,66053.418,616.921,8.689
71,31,71Ga,66050.094,618.951,8.718
71,32,71Ge,66049.815,617.937,8.703
71,33,71As,66051.318,615.141,8.664
71,34,71Se,66055.581,609.584,8.586
71,35,71Br,66061.13,602.742,8.489
71,36,71Kr,66070.759,591.82,8.335
72,28,72Ni,66999.321,613.169,8.516
72,29,72Cu,66992.967,618.23,8.587
72,30,72Zn,66984.108,625.796,8.692
72,31,72Ga,66983.139,625.472,8.687
72,32,72Ge,66978.631,628.686,8.732
72,33,72As,66982.476,623.548,8.66
72,34,72Se,66982.301,622.429,8.645
72,35,72Br,66990.664,612.773,8.511
72,36,72Kr,66995.232,606.912,8.429
73,29,73Cu,67925.257,625.505,8.569
73,30,73Zn,67918.323,631.146,8.646
73,31,73Ga,67913.523,634.653,8.694
73,32,73Ge,67911.413,635.469,8.705
73,33,73As,67911.243,634.346,8.69
73,34,73Se,67913.471,630.825,8.641
73,35,73Br,67917.548,625.454,8.568
73,36,73Kr,67924.115,617.594,8.46
74,29,74Cu,68859.732,630.596,8.522
74,30,74Zn,68849.517,639.517,8.642
74,31,74Ga,68846.666,641.075,8.663
74,32,74Ge,68840.783,645.665,8.725
74,33,74As,68842.834,642.32,8.68
74,34,74Se,68840.97,642.891,8.688
74,35,74Br,68847.366,635.202,8.584
74,36,74Kr,68849.83,631.445,8.533
74,37,74Rb,68859.733,620.248,8.382
75,29,75Cu,69793.112,636.781,8.49
75,30,75Zn,69784.251,644.349,8.591
75,31,75Ga,69777.745,649.561,8.661
75,32,75Ge,69773.843,652.171,8.696
75,33,75As,69772.156,652.564,8.701
75,34,75Se,69772.508,650.918,8.679
75,35,75Br,69775.027,647.106,8.628
75,36,75Kr,69779.331,641.509,8.553
75,37,75Rb,69785.922,633.624,8.448
75,38,75Sr,69796.013,622.24,8.297
76,29,76Cu,70727.75,641.708,8.444
76,30,76Zn,70716.075,652.09,8.58
76,31,76Ga,70711.407,655.464,8.625
76,32,76Ge,70703.98,661.598,8.705
76,33,76As,70704.393,659.893,8.683
76,34,76Se,70700.919,662.073,8.711
76,35,76Br,70705.371,656.327,8.636
76,36,76Kr,70706.135,654.27,8.609
76,37,76Rb,70714.158,644.954,8.486
76,38,76Sr,70719.887,637.931,8.394
77,30,77Zn,71650.989,656.741,8.529
77,31,77Ga,71643.206,663.231,8.613
77,32,77Ge,71637.473,667.671,8.671
77,33,77As,71634.259,669.591,8.696
77,34,77Se,71633.065,669.492,8.695
77,35,77Br,71633.919,667.345,8.667
77,36,77Kr,71636.474,663.497,8.617
77,37,77Rb,71641.307,657.37,8.537
77,38,77Sr,71647.817,649.567,8.436
78,30,78Zn,72583.863,663.433,8.506
78,31,78Ga,72576.985,669.017,8.577
78,32,78Ge,72568.319,676.39,8.672
78,33,78As,72566.853,676.563,8.674
78,34,78Se,72562.133,679.99,8.718
78,35,78Br,72565.196,675.633,8.662
78,36,78Kr,72563.957,675.578,8.661
78,37,78Rb,72570.69,667.552,8.558
78,38,78Sr,72573.941,663.008,8.5
79,31,79Ga,73509.676,675.892,8.556
79,32,79Ge,73502.185,682.089,8.634
79,33,79As,73497.527,685.454,8.677
79,34,79Se,73494.735,686.952,8.696
79,35,79Br,73494.074,686.321,8.688
79,36,79Kr,73495.188,683.913,8.657
79,37,79Rb,73498.317,679.491,8.601
79,38,79Sr,73503.132,673.382,8.524
79,39,79Y,73509.738,665.483,8.424
80,30,80Zn,74452.351,674.075,8.426
80,31,80Ga,74444.54,680.593,8.507
80,32,80Ge,74433.654,690.186,8.627
80,33,80As,74430.499,692.047,8.651
80,34,80Se,74424.387,696.866,8.711
80,35,80Br,74425.747,694.213,8.678
80,36,80Kr,74423.233,695.434,8.693
80,37,80Rb,74428.441,688.932,8.612
80,38,80Sr,74429.795,686.285,8.579
80,39,80Y,74438.372,676.414,8.455
80,40,80Zr,74443.561,669.932,8.374
81,31,81Ga,75377.194,687.504,8.488
81,32,81Ge,75368.363,695.042,8.581
81,33,81As,75361.619,700.493,8.648
81,34,81Se,75357.252,703.567,8.686
81,35,81Br,75355.155,704.37,8.696
81,36,81Kr,75354.925,703.307,8.683
81,37,81Rb,75356.653,700.285,8.645
81,38,81Sr,75360.069,695.576,8.587
81,39,81Y,75365.066,689.286,8.51
81,40,81Zr,75372.085,680.973,8.407
82,32,82Ge,76300.537,702.433,8.566
82,33,82As,76295.326,706.351,8.614
82,34,82Se,76287.541,712.843,8.693
82,35,82Br,76287.128,711.963,8.682
82,36,82Kr,76283.524,714.274,8.711
82,37,82Rb,76287.414,709.09,8.647
82,38,82Sr,76287.083,708.127,8.636
82,39,82Y,76294.39,699.527,8.531
83,33,83As,77227.26,713.982,8.602
83,34,83Se,77221.288,718.661,8.659
83,35,83Br,77217.109,721.547,8.693
83,36,83Kr,77215.625,721.737,8.696
83,37,83Rb,77216.021,720.048,8.675
83,38,83Sr,77217.79,716.986,8.638
83,39,83Y,77221.744,711.738,8.575
83,40,83Zr,77227.103,705.086,8.495
83,41,83Nb,77234.092,696.804,8.395
84,34,84Se,78152.171,727.343,8.659
84,35,84Br,78149.813,728.408,8.672
84,36,84Kr,78144.67,732.258,8.717
84,37,84Rb,78146.84,728.794,8.676
84,38,84Sr,78145.435,728.906,8.677
84,39,84Y,78151.408,721.64,8.591
85,34,85Se,79087.189,731.891,8.61
85,35,85Br,79080.496,737.29,8.674
85,36,85Kr,79077.115,739.378,8.699
85,37,85Rb,79075.917,739.283,8.697
85,38,85Sr,79076.471,737.436,8.676
85,39,85Y,79079.22,733.393,8.628
85,40,85Zr,79083.401,727.919,8.564
85,41,85Nb,79088.89,721.136,8.484
86,34,86Se,80020.57,738.075,8.582
86,35,86Br,80014.96,742.392,8.632
86,36,86Kr,80006.824,749.235,8.712
86,37,86Rb,80006.831,747.934,8.697
86,38,86Sr,80004.544,748.928,8.708
86,39,86Y,80009.272,742.906,8.638
86,40,86Zr,80010.245,740.64,8.612
86,41,86Nb,80017.704,731.888,8.51
86,42,86Mo,80022.463,725.835,8.44
87,34,87Se,80956.025,742.185,8.531
87,35,87Br,80948.237,748.68,8.606
87,36,87Kr,80940.874,754.75,8.675
87,37,87Rb,80936.474,757.856,8.711
87,38,87Sr,80935.681,757.356,8.705
87,39,87Y,80937.031,754.712,8.675
87,40,87Zr,80940.191,750.259,8.624
87,41,87Nb,80944.848,744.309,8.555
87,42,87Mo,80950.827,737.037,8.472
88,34,88Se,81890.219,747.557,8.495
88,35,88Br,81882.858,753.624,8.564
88,36,88Kr,81873.385,761.804,8.657
88,37,88Rb,81869.957,763.939,8.681
88,38,88Sr,81864.133,768.469,8.733
88,39,88Y,81867.245,764.064,8.683
88,40,88Zr,81867.41,762.606,8.666
88,41,88Nb,81874.452,754.27,8.571
88,42,88Mo,81877.311,750.118,8.524
89,35,89Br,82816.512,759.536,8.534
89,36,89Kr,82807.841,766.913,8.617
89,37,89Rb,82802.347,771.114,8.664
89,38,89Sr,82797.34,774.828,8.706
89,39,89Y,82795.336,775.538,8.714
89,40,89Zr,82797.658,771.923,8.673
89,41,89Nb,82801.366,766.922,8.617
89,42,89Mo,82806.501,760.493,8.545
90,35,90Br,83751.956,763.657,8.485
90,36,90Kr,83741.095,773.225,8.591
90,37,90Rb,83736.192,776.834,8.631
90,38,90Sr,83729.102,782.631,8.696
90,39,90Y,83728.045,782.395,8.693
90,40,90Zr,83725.254,783.893,8.71
90,41,90Nb,83730.854,776.999,8.633
90,42,90Mo,83732.832,773.728,8.597
90,43,90Tc,83741.278,763.988,8.489
91,35,91Br,84686.56,768.618,8.446
91,36,91Kr,84676.249,777.636,8.545
91,37,91Rb,84669.303,783.289,8.608
91,38,91Sr,84662.892,788.406,8.664
91,39,91Y,84659.681,790.324,8.685
91,40,91Zr,84657.625,791.087,8.693
91,41,91Nb,84658.372,789.046,8.671
91,42,91Mo,84662.289,783.836,8.614
91,43,91Tc,84668.002,776.83,8.537
92,35,92Br,85622.984,771.76,8.389
92,36,92Kr,85610.268,783.182,8.513
92,37,92Rb,85603.77,788.387,8.569
92,38,92Sr,85595.163,795.701,8.649
92,39,92Y,85592.707,796.863,8.662
92,40,92Zr,85588.555,799.722,8.693
92,41,92Nb,85590.05,796.934,8.662
92,42,92Mo,85589.182,796.508,8.658
92,43,92Tc,85596.541,787.856,8.564
93,36,93Kr,86546.527,786.488,8.457
93,37,93Rb,86537.418,794.304,8.541
93,38,93Sr,86529.44,800.989,8.613
93,39,93Y,86524.791,804.344,8.649
93,40,93Zr,86521.386,806.456,8.672
93,41,93Nb,86520.784,805.765,8.664
93,42,93Mo,86520.678,804.577,8.651
93,43,93Tc,86523.367,800.595,8.609
93,44,93Ru,86529.189,793.48,8.532
94,37,94Rb,87472.977,798.31,8.493
94,38,94Sr,87462.179,807.815,8.594
94,39,94Y,87458.16,810.541,8.623
94,40,94Zr,87452.73,814.677,8.667
94,41,94Nb,87453.122,812.993,8.649
94,42,94Mo,87450.566,814.256,8.662
94,43,94Tc,87454.31,809.217,8.609
94,44,94Ru,87455.385,806.849,8.584
95,37,95Rb,88407.17,803.683,8.46
95,38,95Sr,88397.396,812.163,8.549
95,39,95Y,88390.795,817.471,8.605
95,40,95Zr,88385.833,821.14,8.644
95,41,95Nb,88384.198,821.481,8.647
95,42,95Mo,88382.762,821.625,8.649
95,43,95Tc,88383.941,819.152,8.623
95,44,95Ru,88385.997,815.802,8.587
95,45,95Rh,88390.596,809.91,8.525
96,37,96Rb,89343.293,807.125,8.408
96,38,96Sr,89331.068,818.057,8.521
96,39,96Y,89325.149,822.682,8.57
96,40,96Zr,89317.542,828.996,8.635
96,41,96Nb,89316.87,828.375,8.629
96,42,96Mo,89313.173,830.779,8.654
96,43,96Tc,89315.635,827.023,8.615
96,44,96Ru,89314.869,826.496,8.609
96,45,96Rh,89320.751,819.32,8.535
96,46,96Pd,89323.689,815.089,8.491
97,37,97Rb,90277.652,812.331,8.375
97,38,97Sr,90266.713,821.977,8.474
97,39,97Y,90258.732,828.665,8.543
97,40,97Zr,90251.533,834.571,8.604
97,41,97Nb,90248.363,836.448,8.623
97,42,97Mo,90245.917,837.6,8.635
97,43,97Tc,90245.726,836.497,8.624
97,44,97Ru,90246.323,834.607,8.604
97,45,97Rh,90249.334,830.303,8.56
97,46,97Pd,90253.613,824.73,8.502
97,47,97Ag,90260.082,816.968,8.422
98,37,98Rb,91213.286,816.263,8.329
98,38,98Sr,91200.349,827.906,8.448
98,39,98Y,91194.017,832.945,8.499
98,40,98Zr,91184.686,840.983,8.581
98,41,98Nb,91181.933,842.442,8.596
98,42,98Mo,91176.84,846.243,8.635
98,43,98Tc,91178.012,843.777,8.61
98,44,98Ru,91175.705,844.79,8.62
98,45,98Rh,91180.243,838.959,8.561
98,46,98Pd,91181.607,836.302,8.534
98,47,98Ag,91189.336,827.279,8.442
98,48,98Cd,91194.255,821.067,8.378
99,37,99Rb,92148.12,820.994,8.293
99,38,99Sr,92136.299,831.522,8.399
99,39,99Y,92127.777,838.75,8.472
99,40,99Zr,92119.699,845.535,8.541
99,41,99Nb,92114.629,849.312,8.579
99,42,99Mo,92110.48,852.168,8.608
99,43,99Tc,92108.611,852.743,8.614
99,44,99Ru,92107.806,852.255,8.609
99,45,99Rh,92109.338,849.429,8.58
99,46,99Pd,92112.213,845.261,8.538
99,47,99Ag,92117.13,839.051,8.475
100,38,100Sr,93069.763,837.623,8.376
100,39,100Y,93062.182,843.911,8.439
100,40,100Zr,93052.361,852.438,8.524
100,41,100Nb,93048.511,854.995,8.55
100,42,100Mo,93041.755,860.458,8.605
100,43,100Tc,93041.412,859.508,8.595
100,44,100Ru,93037.698,861.928,8.619
100,45,100Rh,93040.822,857.511,8.575
100,46,100Pd,93040.669,856.37,8.564
100,47,100Ag,93047.234,848.512,8.485
100,48,100Cd,93050.623,843.83,8.438
100,49,100In,93060.192,832.967,8.33
100,50,100Sn,93067.071,824.795,8.248
101,37,101Rb,94018.388,829.857,8.216
101,38,101Sr,94006.067,840.884,8.326
101,39,101Y,93996.056,849.602,8.412
101,40,101Zr,93986.995,857.37,8.489
101,41,101Nb,93981.002,862.069,8.535
101,42,101Mo,93975.922,865.856,8.573
101,43,101Tc,93972.586,867.899,8.593
101,44,101Ru,93970.462,868.73,8.601
101,45,101Rh,93970.492,867.406,8.588
101,46,101Pd,93971.961,864.644,8.561
101,47,101Ag,93975.658,859.653,8.511
101,48,101Cd,93980.617,853.401,8.45
102,38,102Sr,94939.891,846.626,8.3
102,39,102Y,94930.57,854.653,8.379
102,40,102Zr,94920.209,863.721,8.468
102,41,102Nb,94915.088,867.549,8.505
102,42,102Mo,94907.37,873.973,8.568
102,43,102Tc,94905.85,874.2,8.571
102,44,102Ru,94900.807,877.95,8.607
102,45,102Rh,94902.619,874.844,8.577
102,46,102Pd,94900.958,875.212,8.581
102,47,102Ag,94906.107,868.77,8.517
102,48,102Cd,94908.183,865.4,8.484
102,49,102In,94916.64,855.65,8.389
102,50,102Sn,94921.909,849.088,8.324
103,40,103Zr,95855.073,868.422,8.431
103,41,103Nb,95847.612,874.59,8.491
103,42,103Mo,95841.571,879.338,8.537
103,43,103Tc,95837.313,882.302,8.566
103,44,103Ru,95834.141,884.182,8.584
103,45,103Rh,95832.866,884.163,8.584
103,46,103Pd,95832.898,882.837,8.571
103,47,103Ag,95835.075,879.367,8.538
103,48,103Cd,95838.706,874.443,8.49
103,49,103In,95844.245,867.61,8.423
104,41,104Nb,96782.206,879.561,8.457
104,42,104Mo,96773.585,886.889,8.528
104,43,104Tc,96770.914,888.267,8.541
104,44,104Ru,96764.804,893.083,8.587
104,45,104Rh,96765.433,891.162,8.569
104,46,104Pd,96762.481,892.82,8.585
104,47,104Ag,96766.249,887.758,8.536
104,48,104Cd,96766.874,885.84,8.518
104,49,104In,96774.228,877.193,8.435
104,50,104Sn,96778.237,871.89,8.384
105,41,105Nb,97715.07,886.263,8.441
105,42,105Mo,97708.069,891.97,8.495
105,43,105Tc,97702.608,896.138,8.535
105,44,105Ru,97698.459,898.994,8.562
105,45,105Rh,97696.03,900.129,8.573
105,46,105Pd,97694.952,899.914,8.571
105,47,105Ag,97695.786,897.787,8.55
105,48,105Cd,97698.013,894.266,8.517
105,49,105In,97702.351,888.635,8.463
105,50,105Sn,97708.061,881.632,8.396
105,51,105Sb,97716.99,871.409,8.299
106,42,106Mo,98640.648,898.957,8.481
106,43,106Tc,98636.617,901.694,8.507
106,44,106Ru,98629.559,907.459,8.561
106,45,106Rh,98629.009,906.716,8.554
106,46,106Pd,98624.957,909.474,8.58
106,47,106Ag,98627.411,905.727,8.545
106,48,106Cd,98626.705,905.14,8.539
106,49,106In,98632.72,897.831,8.47
106,50,106Sn,98635.385,893.873,8.433
106,52,106Te,98653.583,873.088,8.237
107,42,107Mo,99575.457,903.713,8.446
107,43,107Tc,99568.786,909.091,8.496
107,44,107Ru,99563.455,913.128,8.534
107,45,107Rh,99560.001,915.289,8.554
107,46,107Pd,99557.985,916.012,8.561
107,47,107Ag,99557.44,915.263,8.554
107,48,107Cd,99558.346,913.064,8.533
107,49,107In,99561.26,908.857,8.494
107,50,107Sn,99565.729,903.094,8.44
108,43,108Tc,100503.43,914.012,8.463
108,44,108Ru,100495.199,920.95,8.527
108,45,108Rh,100493.338,921.517,8.533
108,46,108Pd,100488.323,925.239,8.567
108,47,108Ag,100489.734,922.535,8.542
108,48,108Cd,100487.573,923.402,8.55
108,49,108In,100492.198,917.484,8.495
108,50,108Sn,100493.762,914.627,8.469
108,52,108Te,100509.061,896.741,8.303
109,43,109Tc,101436.334,920.673,8.447
109,44,109Ru,101429.513,926.201,8.497
109,45,109Rh,101424.841,929.58,8.528
109,46,109Pd,101421.734,931.393,8.545
109,47,109Ag,101420.108,931.727,8.548
109,48,109Cd,101419.811,930.73,8.539
109,49,109In,101421.319,927.928,8.513
109,50,109Sn,101424.658,923.296,8.471
109,51,109Sb,101430.527,916.134,8.405
109,52,109Te,101438.665,906.702,8.318
109,53,109I,101448.154,895.92,8.219
110,43,110Tc,102371.408,925.165,8.411
110,44,110Ru,102361.877,933.402,8.485
110,45,110Rh,102358.566,935.42,8.504
110,46,110Pd,102352.486,940.207,8.547
110,47,110Ag,102352.864,938.536,8.532
110,48,110Cd,102349.46,940.646,8.551
110,49,110In,102352.827,935.986,8.509
110,50,110Sn,102352.947,934.572,8.496
110,52,110Te,102365.489,919.444,8.359
110,54,110Xe,102384.847,897.499,8.159
111,43,111Tc,103304.642,931.496,8.392
111,44,111Ru,103296.681,938.164,8.452
111,45,111Rh,103290.483,943.068,8.496
111,46,111Pd,103286.325,945.933,8.522
111,47,111Ag,103283.597,947.368,8.535
111,48,111Cd,103282.05,947.622,8.537
111,49,111In,103282.4,945.978,8.522
111,50,111Sn,103284.34,942.745,8.493
111,51,111Sb,103288.886,936.905,8.441
111,52,111Te,103295.784,928.715,8.367
112,43,112Tc,104239.357,936.347,8.36
112,44,112Ru,104229.366,945.045,8.438
112,45,112Rh,104224.595,948.523,8.469
112,46,112Pd,104217.488,954.336,8.521
112,47,112Ag,104216.689,953.842,8.516
112,48,112Cd,104212.221,957.016,8.545
112,49,112In,104214.295,953.649,8.515
112,50,112Sn,104213.119,953.532,8.514
112,51,112Sb,104219.668,945.69,8.444
112,52,112Te,104223.458,940.606,8.398
112,54,112Xe,104239.766,921.712,8.23
113,44,113Ru,105164.14,949.836,8.406
113,45,113Rh,105157.149,955.534,8.456
113,46,113Pd,105151.628,959.761,8.493
113,47,113Ag,105147.774,962.322,8.516
113,48,113Cd,105145.246,963.556,8.527
113,49,113In,105144.415,963.094,8.523
113,50,113Sn,105144.941,961.275,8.507
113,51,113Sb,105148.343,956.58,8.465
113,52,113Te,105153.905,949.724,8.405
113,53,113I,105160.611,941.725,8.334
113,54,113Xe,105169.14,931.903,8.247
113,55,113Cs,105179.019,920.731,8.148
114,45,114Rh,106091.693,960.555,8.426
114,46,114Pd,106083.315,967.64,8.488
114,47,114Ag,106081.352,968.309,8.494
114,48,114Cd,106075.769,972.599,8.532
114,49,114In,106076.707,970.368,8.512
114,50,114Sn,106074.207,971.574,8.523
114,51,114Sb,106079.742,964.746,8.463
114,52,114Te,106081.857,961.338,8.433
114,54,114Xe,106095.638,944.97,8.289
114,56,114Ba,106115.752,922.269,8.09
115,44,115Ru,107032.898,960.209,8.35
115,45,115Rh,107024.607,967.206,8.41
115,46,115Pd,107017.906,972.614,8.458
115,47,115Ag,107012.805,976.422,8.491
115,48,115Cd,107009.193,978.74,8.511
115,49,115In,107007.236,979.404,8.517
115,50,115Sn,107006.226,979.121,8.514
115,51,115Sb,107008.748,975.305,8.481
115,52,115Te,107013.177,969.583,8.431
115,53,115I,107018.391,963.076,8.375
115,54,115Xe,107025.561,954.612,8.301
116,45,116Rh,107959.571,971.808,8.378
116,46,116Pd,107949.84,980.245,8.45
116,47,116Ag,107946.719,982.073,8.466
116,48,116Cd,107940.059,987.44,8.512
116,49,116In,107940.017,986.188,8.502
116,50,116Sn,107936.227,988.684,8.523
116,51,116Sb,107940.424,983.195,8.476
116,52,116Te,107941.465,980.86,8.456
116,53,116I,107948.733,972.299,8.382
116,54,116Xe,107952.665,967.074,8.337
117,46,117Pd,108884.764,984.887,8.418
117,47,117Ag,108878.513,989.844,8.46
117,48,117Cd,108873.847,993.217,8.489
117,49,117In,108870.816,994.955,8.504
117,50,117Sn,108868.85,995.627,8.51
117,51,117Sb,108870.094,993.09,8.488
117,52,117Te,108873.131,988.76,8.451
117,53,117I,108877.282,983.315,8.404
117,54,117Xe,108883.021,976.283,8.344
117,55,117Cs,108890.255,967.756,8.271
118,46,118Pd,109817.318,991.898,8.406
118,47,118Ag,109812.707,995.216,8.434
118,48,118Cd,109805.057,1001.572,8.488
118,49,118In,109804.025,1001.311,8.486
118,50,118Sn,109799.087,1004.955,8.517
118,51,118Sb,109802.234,1000.515,8.479
118,52,118Te,109802.001,999.455,8.47
118,53,118I,109808.24,991.923,8.406
118,54,118Xe,109810.621,988.248,8.375
118,55,118Cs,109819.78,977.796,8.286
119,47,119Ag,110745.211,1002.277,8.422
119,48,119Cd,110739.35,1006.845,8.461
119,49,119In,110735.045,1009.856,8.486
119,50,119Sn,110732.169,1011.438,8.499
119,51,119Sb,110732.25,1010.065,8.488
119,52,119Te,110734.032,1006.989,8.462
119,53,119I,110736.939,1002.789,8.427
119,54,119Xe,110741.4,997.035,8.378
119,55,119Cs,110747.378,989.763,8.317
119,56,119Ba,110754.582,981.266,8.246
120,46,120Pd,111685.626,1002.721,8.356
120,47,120Ag,111679.615,1007.438,8.395
120,48,120Cd,111670.78,1014.98,8.458
120,49,120In,111668.503,1015.964,8.466
120,50,120Sn,111662.627,1020.546,8.505
120,51,120Sb,111664.797,1017.083,8.476
120,52,120Te,111663.305,1017.282,8.477
120,53,120I,111668.409,1010.884,8.424
120,54,120Xe,111669.516,1008.484,8.404
120,55,120Cs,111677.288,999.419,8.328
120,56,120Ba,111681.776,993.637,8.28
121,47,121Ag,112612.099,1014.52,8.384
121,48,121Cd,112605.188,1020.137,8.431
121,49,121In,112599.896,1024.136,8.464
121,50,121Sn,112596.022,1026.717,8.485
121,51,121Sb,112595.12,1026.325,8.482
121,52,121Te,112595.653,1024.499,8.467
121,53,121I,112597.406,1021.453,8.442
121,54,121Xe,112600.709,1016.856,8.404
121,55,121Cs,112605.571,1010.701,8.353
121,56,121Ba,112611.42,1003.559,8.294
122,48,122Cd,113537.012,1027.879,8.425
122,49,122In,113533.651,1029.946,8.442
122,50,122Sn,113526.774,1035.53,8.488
122,51,122Sb,113527.878,1033.132,8.468
122,52,122Te,113525.384,1034.333,8.478
122,53,122I,113529.107,1029.317,8.437
122,54,122Xe,113529.321,1027.81,8.425
122,55,122Cs,113536.025,1019.812,8.359
122,56,122Ba,113539.045,1015.499,8.324
123,48,123Cd,114471.926,1032.53,8.395
123,49,123In,114465.299,1037.864,8.438
123,50,123Sn,114460.393,1041.476,8.467
123,51,123Sb,114458.479,1042.097,8.472
123,52,123Te,114458.02,1041.263,8.466
123,53,123I,114458.738,1039.251,8.449
123,54,123Xe,114460.921,1035.775,8.421
123,55,123Cs,114464.615,1030.788,8.38
123,56,123Ba,114469.493,1024.616,8.33
124,48,124Cd,115404.02,1040.001,8.387
124,49,124In,115399.339,1043.389,8.414
124,50,124Sn,115391.471,1049.963,8.467
124,51,124Sb,115391.576,1048.565,8.456
124,52,124Te,115388.161,1050.686,8.473
124,53,124I,115390.81,1046.745,8.441
124,54,124Xe,115390.004,1046.257,8.438
124,55,124Cs,115395.422,1039.546,8.383
124,56,124Ba,115397.552,1036.123,8.356
124,57,124La,115405.871,1026.51,8.278
125,48,125Cd,116338.864,1044.723,8.358
125,49,125In,116331.233,1051.06,8.408
125,50,125Sn,116325.303,1055.696,8.446
125,51,125Sb,116322.435,1057.271,8.458
125,52,125Te,116321.157,1057.256,8.458
125,53,125I,116320.832,1056.287,8.45
125,54,125Xe,116321.966,1053.861,8.431
125,55,125Cs,116324.559,1049.974,8.4
125,56,125Ba,116328.468,1044.772,8.358
125,57,125La,116333.866,1038.081,8.305
126,48,126Cd,117271.388,1051.764,8.347
126,49,126In,117265.397,1056.462,8.385
126,50,126Sn,117256.676,1063.889,8.444
126,51,126Sb,117255.785,1063.487,8.44
126,52,126Te,117251.609,1066.369,8.463
126,53,126I,117253.252,1063.433,8.44
126,54,126Xe,117251.483,1063.909,8.444
126,55,126Cs,117255.796,1058.303,8.399
126,56,126Ba,117256.96,1055.845,8.38
126,57,126La,117264.149,1047.363,8.312
126,58,126Ce,117267.787,1042.432,8.273
127,48,127Cd,118206.692,1056.025,8.315
127,49,127In,118197.711,1063.713,8.376
127,50,127Sn,118190.691,1069.44,8.421
127,51,127Sb,118186.979,1071.858,8.44
127,52,127Te,118184.887,1072.657,8.446
127,53,127I,118183.674,1072.577,8.445
127,54,127Xe,118183.825,1071.132,8.434
127,55,127Cs,118185.395,1068.269,8.412
127,56,127Ba,118188.308,1064.063,8.378
127,57,127La,118192.717,1058.36,8.334
127,58,127Ce,118198.122,1051.662,8.281
128,48,128Cd,119139.416,1062.867,8.304
128,49,128In,119131.835,1069.154,8.353
128,50,128Sn,119122.349,1077.347,8.417
128,51,128Sb,119120.564,1077.839,8.421
128,52,128Te,119115.67,1081.439,8.449
128,53,128I,119116.413,1079.403,8.433
128,54,128Xe,119113.78,1080.743,8.443
128,55,128Cs,119117.198,1076.031,8.406
128,56,128Ba,119117.216,1074.72,8.396
128,57,128La,119123.477,1067.166,8.337
128,58,128Ce,119126.062,1063.287,8.307
128,59,128Pr,119134.754,1053.302,8.229
129,49,129In,120064.749,1075.806,8.34
129,50,129Sn,120056.584,1082.677,8.393
129,51,129Sb,120052.039,1085.929,8.418
129,52,129Te,120049.153,1087.522,8.43
129,53,129I,120047.142,1088.239,8.436
129,54,129Xe,120046.436,1087.651,8.431
129,55,129Cs,120047.123,1085.672,8.416
129,56,129Ba,120049.047,1082.454,8.391
129,57,129La,120052.275,1077.933,8.356
129,58,129Ce,120056.803,1072.112,8.311
129,59,129Pr,120062.805,1064.816,8.254
130,48,130Cd,121008.124,1073.289,8.256
130,49,130In,120999.293,1080.827,8.314
130,50,130Sn,120988.533,1090.294,8.387
130,51,130Sb,120985.869,1091.664,8.397
130,52,130Te,120980.298,1095.941,8.43
130,53,130I,120980.207,1094.74,8.421
130,54,130Xe,120976.746,1096.907,8.438
130,55,130Cs,120979.217,1093.143,8.409
130,56,130Ba,120978.344,1092.722,8.406
130,57,130La,120983.467,1086.306,8.356
130,58,130Ce,120985.161,1083.319,8.333
130,59,130Pr,120992.893,1074.294,8.264
130,60,130Nd,120996.966,1068.927,8.223
131,49,131In,121932.54,1087.145,8.299
131,50,131Sn,121922.852,1095.54,8.363
131,51,131Sb,121917.667,1099.432,8.393
131,52,131Te,121913.934,1101.871,8.411
131,53,131I,121911.188,1103.323,8.422
131,54,131Xe,121909.707,1103.512,8.424
131,55,131Cs,121909.551,1102.374,8.415
131,56,131Ba,121910.416,1100.216,8.399
131,57,131La,121912.82,1096.519,8.37
131,58,131Ce,121916.358,1091.687,8.333
131,59,131Pr,121921.287,1085.465,8.286
131,60,131Nd,121927.287,1078.172,8.23
132,49,132In,122869.751,1089.5,8.254
132,50,132Sn,122855.106,1102.851,8.355
132,51,132Sb,122851.475,1105.189,8.373
132,52,132Te,122845.456,1109.915,8.408
132,53,132I,122844.427,1109.65,8.406
132,54,132Xe,122840.335,1112.448,8.428
132,55,132Cs,122841.949,1109.541,8.406
132,56,132Ba,122840.159,1110.038,8.409
132,57,132La,122844.343,1104.561,8.368
132,58,132Ce,122845.098,1102.513,8.352
132,59,132Pr,122851.851,1094.466,8.291
132,60,132Nd,122855.124,1089.9,8.257
133,50,133Sn,123792.204,1105.319,8.311
133,51,133Sb,123783.7,1112.529,8.365
133,52,133Te,123779.187,1115.749,8.389
133,53,133I,123775.734,1117.909,8.405
133,54,133Xe,123773.466,1118.883,8.413
133,55,133Cs,123772.528,1118.528,8.41
133,56,133Ba,123772.534,1117.228,8.4
133,57,133La,123774.083,1114.386,8.379
133,58,133Ce,123776.643,1110.533,8.35
133,59,133Pr,123780.617,1105.266,8.31
133,60,133Nd,123785.714,1098.875,8.262
133,61,133Pm,123792.123,1091.173,8.204
134,50,134Sn,124727.848,1109.24,8.278
134,51,134Sb,124719.967,1115.827,8.327
134,52,134Te,124711.067,1123.434,8.384
134,53,134I,124709.043,1124.165,8.389
134,54,134Xe,124704.479,1127.435,8.414
134,55,134Cs,124705.202,1125.419,8.399
134,56,134Ba,124702.632,1126.696,8.408
134,57,134La,124705.852,1122.182,8.374
134,58,134Ce,124705.724,1121.017,8.366
134,59,134Pr,124711.539,1113.909,8.313
134,60,134Nd,124713.892,1110.262,8.286
134,61,134Pm,124722.287,1100.574,8.213
135,51,135Sb,125655.921,1119.439,8.292
135,52,135Te,125647.29,1126.776,8.346
135,53,135I,125640.819,1131.954,8.385
135,54,135Xe,125637.681,1133.799,8.399
135,55,135Cs,125636.005,1134.181,8.401
135,56,135Ba,125635.225,1133.668,8.398
135,57,135La,125635.914,1131.686,8.383
135,58,135Ce,125637.429,1128.877,8.362
135,59,135Pr,125640.607,1124.406,8.329
135,60,135Nd,125644.818,1118.902,8.288
135,61,135Pm,125650.541,1111.885,8.236
135,62,135Sm,125657.15,1103.983,8.178
136,52,136Te,126582.184,1131.448,8.319
136,53,136I,126576.603,1135.735,8.351
136,54,136Xe,126569.167,1141.878,8.396
136,55,136Cs,126568.742,1141.009,8.39
136,56,136Ba,126565.683,1142.775,8.403
136,57,136La,126568.019,1139.146,8.376
136,58,136Ce,126567.08,1138.792,8.373
136,59,136Pr,126571.71,1132.868,8.33
136,60,136Nd,126573.327,1129.958,8.309
136,61,136Pm,126580.815,1121.177,8.244
136,62,136Sm,126584.693,1116.005,8.206
137,52,137Te,127518.548,1134.649,8.282
137,53,137I,127511.094,1140.81,8.327
137,54,137Xe,127504.707,1145.903,8.364
137,55,137Cs,127500.029,1149.288,8.389
137,56,137Ba,127498.343,1149.681,8.392
137,57,137La,127498.452,1148.278,8.382
137,58,137Ce,127499.163,1146.274,8.367
137,59,137Pr,127501.354,1142.79,8.342
137,60,137Nd,127504.44,1138.41,8.31
137,61,137Pm,127509.436,1132.121,8.264
137,62,137Sm,127514.968,1125.296,8.214
138,53,138I,128446.761,1144.708,8.295
138,54,138Xe,128438.43,1151.746,8.346
138,55,138Cs,128435.182,1153.7,8.36
138,56,138Ba,128429.296,1158.293,8.393
138,57,138La,128430.522,1155.774,8.375
138,58,138Ce,128428.967,1156.035,8.377
138,59,138Pr,128432.893,1150.816,8.339
138,60,138Nd,128433.496,1148.92,8.326
138,61,138Pm,128440.063,1141.059,8.269
138,62,138Sm,128442.994,1136.835,8.238
138,63,138Eu,128452.231,1126.305,8.162
139,53,139I,129381.745,1149.289,8.268
139,54,139Xe,129374.43,1155.311,8.312
139,55,139Cs,129368.862,1159.586,8.342
139,56,139Ba,129364.138,1163.016,8.367
139,57,139La,129361.309,1164.551,8.378
139,58,139Ce,129361.078,1163.49,8.37
139,59,139Pr,129362.696,1160.578,8.349
139,60,139Nd,129365.016,1156.965,8.323
139,61,139Pm,129369.001,1151.687,8.286
139,62,139Sm,129373.606,1145.788,8.243
139,63,139Eu,129380.077,1138.024,8.187
140,54,140Xe,130308.578,1160.728,8.291
140,55,140Cs,130304.006,1164.007,8.314
140,56,140Ba,130297.275,1169.445,8.353
140,57,140La,130295.714,1169.712,8.355
140,58,140Ce,130291.441,1172.692,8.376
140,59,140Pr,130294.318,1168.522,8.347
140,60,140Nd,130294.25,1167.296,8.338
140,61,140Pm,130299.781,1160.472,8.289
140,62,140Sm,130302.024,1156.936,8.264
140,63,140Eu,130309.979,1147.687,8.198
140,64,140Gd,130314.676,1141.697,8.155
140,65,140Tb,130325.467,1129.613,8.069
141,54,141Xe,131244.732,1164.14,8.256
141,55,141Cs,131238.074,1169.504,8.294
141,56,141Ba,131232.314,1173.971,8.326
141,57,141La,131228.591,1176.401,8.343
141,58,141Ce,131225.578,1178.12,8.355
141,59,141Pr,131224.486,1177.919,8.354
141,60,141Nd,131225.798,1175.314,8.336
141,61,141Pm,131228.962,1170.856,8.304
141,62,141Sm,131233.035,1165.49,8.266
141,63,141Eu,131238.536,1158.696,8.218
141,64,141Gd,131244.728,1151.21,8.165
141,65,141Tb,131252.901,1141.744,8.097
142,54,142Xe,132179.076,1169.361,8.235
142,55,142Cs,132173.53,1173.614,8.265
142,56,142Ba,132165.711,1180.139,8.311
142,57,142La,132162.988,1181.569,8.321
142,58,142Ce,132157.973,1185.29,8.347
142,59,142Pr,132158.208,1183.762,8.336
142,60,142Nd,132155.535,1185.142,8.346
142,61,142Pm,132159.822,1179.562,8.307
142,62,142Sm,132161.475,1176.615,8.286
142,63,142Eu,132168.637,1168.16,8.226
142,64,142Gd,132172.486,1163.018,8.19
143,55,143Cs,133107.868,1178.841,8.244
143,56,143Ba,133101.092,1184.324,8.282
143,57,143La,133096.33,1187.792,8.306
143,58,143Ce,133092.394,1190.435,8.325
143,59,143Pr,133090.421,1191.114,8.329
143,60,143Nd,133088.977,1191.266,8.331
143,61,143Pm,133089.507,1189.442,8.318
143,62,143Sm,133092.439,1185.217,8.288
143,63,143Eu,133097.209,1179.153,8.246
143,64,143Gd,133102.71,1172.359,8.198
143,65,143Tb,133109.999,1163.777,8.138
144,55,144Cs,134043.763,1182.511,8.212
144,56,144Ba,134034.753,1190.228,8.265
144,57,144La,134031.121,1192.567,8.282
144,58,144Ce,134025.063,1197.331,8.315
144,59,144Pr,134024.233,1196.868,8.312
144,60,144Nd,134020.725,1199.083,8.327
144,61,144Pm,134022.546,1195.968,8.305
144,62,144Sm,134021.484,1195.737,8.304
144,63,144Eu,134027.323,1188.605,8.254
144,64,144Gd,134030.674,1183.96,8.222
144,65,144Tb,134039.555,1173.786,8.151
144,66,144Dy,134044.832,1167.216,8.106
145,55,145Cs,134978.47,1187.37,8.189
145,56,145Ba,134970.606,1193.94,8.234
145,57,145La,134964.515,1198.738,8.267
145,58,145Ce,134959.894,1202.066,8.29
145,59,145Pr,134956.851,1203.815,8.302
145,60,145Nd,134954.535,1204.838,8.309
145,61,145Pm,134954.187,1203.893,8.303
145,62,145Sm,134954.292,1202.494,8.293
145,63,145Eu,134956.441,1199.052,8.269
145,64,145Gd,134961.001,1193.199,8.229
145,65,145Tb,134967.537,1185.369,8.175
145,66,145Dy,134974.616,1176.997,8.117
146,55,146Cs,135914.401,1191.004,8.158
146,56,146Ba,135904.51,1199.602,8.216
146,57,146La,135899.879,1202.939,8.239
146,58,146Ce,135892.808,1208.717,8.279
146,59,146Pr,135891.267,1208.965,8.281
146,60,146Nd,135886.535,1212.403,8.304
146,61,146Pm,135887.495,1210.15,8.289
146,62,146Sm,135885.442,1210.91,8.294
146,63,146Eu,135888.811,1206.247,8.262
146,64,146Gd,135889.329,1204.436,8.25
146,65,146Tb,135897.141,1195.331,8.187
146,66,146Dy,135901.846,1189.332,8.146
147,55,147Cs,136849.495,1195.475,8.132
147,57,147La,136833.643,1208.741,8.223
147,58,147Ce,136827.952,1213.138,8.253
147,59,147Pr,136824.016,1215.781,8.271
147,60,147Nd,136820.808,1217.696,8.284
147,61,147Pm,136819.401,1217.809,8.284
147,62,147Sm,136818.666,1217.251,8.281
147,63,147Eu,136819.877,1214.747,8.264
147,64,147Gd,136821.553,1211.777,8.243
147,65,147Tb,136825.653,1206.384,8.207
147,66,147Dy,136831.706,1199.038,8.157
147,67,147Ho,136839.546,1189.904,8.095
148,55,148Cs,137785.709,1198.827,8.1
148,56,148Ba,137774.488,1208.754,8.167
148,57,148La,137768.857,1213.092,8.197
148,58,148Ce,137761.085,1219.571,8.24
148,59,148Pr,137758.434,1220.928,8.25
148,60,148Nd,137753.041,1225.028,8.277
148,61,148Pm,137753.071,1223.705,8.268
148,62,148Sm,137750.09,1225.392,8.28
148,63,148Eu,137752.619,1221.57,8.254
148,64,148Gd,137752.134,1220.761,8.248
148,65,148Tb,137757.359,1214.243,8.204
148,66,148Dy,137759.529,1210.78,8.181
148,67,148Ho,137768.857,1200.159,8.109
149,58,149Ce,138696.27,1223.951,8.214
149,59,149Pr,138691.399,1227.529,8.238
149,60,149Nd,138687.567,1230.067,8.255
149,61,149Pm,138685.366,1230.975,8.262
149,62,149Sm,138683.784,1231.263,8.264
149,63,149Eu,138683.968,1229.786,8.254
149,64,149Gd,138684.771,1227.69,8.24
149,65,149Tb,138687.897,1223.271,8.21
149,66,149Dy,138691.167,1218.707,8.179
149,67,149Ho,138696.683,1211.898,8.134
149,68,149Er,138704.118,1203.17,8.075
150,58,150Ce,139629.644,1230.142,8.201
150,59,150Pr,139625.649,1232.844,8.219
150,60,150Nd,139619.752,1237.448,8.25
150,61,150Pm,139619.328,1236.578,8.244
150,62,150Sm,139615.363,1239.25,8.262
150,63,150Eu,139617.112,1236.208,8.241
150,64,150Gd,139615.629,1236.397,8.243
150,65,150Tb,139619.776,1230.957,8.206
150,66,150Dy,139621.059,1228.381,8.189
150,67,150Ho,139627.917,1220.229,8.135
150,68,150Er,139631.521,1215.332,8.102
151,58,151Ce,140564.458,1234.894,8.178
151,59,151Pr,140558.676,1239.382,8.208
151,60,151Nd,140553.983,1242.782,8.23
151,61,151Pm,140551.03,1244.442,8.241
151,62,151Sm,140549.332,1244.847,8.244
151,63,151Eu,140548.744,1244.141,8.239
151,64,151Gd,140548.697,1242.895,8.231
151,65,151Tb,140550.751,1239.547,8.209
151,66,151Dy,140553.111,1235.894,8.185
151,67,151Ho,140557.727,1229.985,8.146
151,68,151Er,140562.582,1223.836,8.105
151,69,151Tm,140569.555,1215.57,8.05
151,70,151Yb,140578.286,1205.546,7.984
152,59,152Pr,141493.131,1244.493,8.187
152,60,152Nd,141486.272,1250.058,8.224
152,61,152Pm,141484.657,1250.38,8.226
152,62,152Sm,141480.639,1253.104,8.244
152,63,152Eu,141482.003,1250.448,8.227
152,64,152Gd,141479.672,1251.485,8.233
152,65,152Tb,141483.155,1246.709,8.202
152,66,152Dy,141483.24,1245.33,8.193
152,67,152Ho,141489.245,1238.032,8.145
152,68,152Er,141491.842,1234.142,8.119
152,69,152Tm,141500.061,1224.629,8.057
152,70,152Yb,141505.01,1218.387,8.016
153,59,153Pr,142426.805,1250.384,8.172
153,60,153Nd,142420.575,1255.321,8.205
153,61,153Pm,142416.728,1257.874,8.221
153,62,153Sm,142414.336,1258.973,8.229
153,63,153Eu,142413.018,1258.998,8.229
153,64,153Gd,142412.99,1257.732,8.22
153,65,153Tb,142414.049,1255.38,8.205
153,66,153Dy,142415.708,1252.428,8.186
153,67,153Ho,142419.328,1247.514,8.154
153,68,153Er,142423.348,1242.201,8.119
153,69,153Tm,142429.31,1234.946,8.072
153,71,153Lu,142443.893,1217.776,7.959
154,59,154Pr,143361.729,1255.025,8.15
154,60,154Nd,143353.728,1261.733,8.193
154,61,154Pm,143350.407,1263.76,8.206
154,62,154Sm,143345.934,1266.94,8.227
154,63,154Eu,143346.141,1265.44,8.217
154,64,154Gd,143343.661,1266.627,8.225
154,65,154Tb,143346.703,1262.291,8.197
154,66,154Dy,143345.954,1261.747,8.193
154,67,154Ho,143351.197,1255.211,8.151
154,68,154Er,143352.718,1252.396,8.132
154,69,154Tm,143360.39,1243.431,8.074
154,70,154Yb,143364.374,1238.154,8.04
155,61,155Pm,144283.431,1270.302,8.195
155,62,155Sm,144279.693,1272.747,8.211
155,63,155Eu,144277.555,1273.592,8.217
155,64,155Gd,144276.791,1273.062,8.213
155,65,155Tb,144277.103,1271.456,8.203
155,66,155Dy,144278.686,1268.58,8.184
155,67,155Ho,144281.295,1264.678,8.159
155,68,155Er,144284.609,1260.07,8.129
155,69,155Tm,144289.678,1253.708,8.088
155,70,155Yb,144295.299,1246.794,8.044
155,71,155Lu,144302.737,1238.062,7.987
156,60,156Nd,145221.876,1272.715,8.158
156,61,156Pm,145217.675,1275.623,8.177
156,62,156Sm,145212.014,1279.991,8.205
156,63,156Eu,145210.78,1279.931,8.205
156,64,156Gd,145207.82,1281.598,8.215
156,65,156Tb,145209.753,1278.372,8.195
156,66,156Dy,145208.81,1278.021,8.192
156,67,156Ho,145213.479,1272.059,8.154
156,68,156Er,145214.105,1270.14,8.142
156,69,156Tm,145220.967,1261.984,8.09
156,70,156Yb,145224.032,1257.626,8.062
156,71,156Lu,145233.035,1247.33,7.996
156,72,156Hf,145238.424,1240.647,7.953
157,61,157Pm,146151.019,1281.844,8.165
157,62,157Sm,146146.148,1285.422,8.187
157,63,157Eu,146142.9,1287.377,8.2
157,64,157Gd,146141.025,1287.958,8.204
157,65,157Tb,146140.575,1287.116,8.198
157,66,157Dy,146141.406,1284.991,8.185
157,67,157Ho,146143.494,1281.609,8.163
157,68,157Er,146146.392,1277.418,8.136
157,69,157Tm,146150.592,1271.925,8.101
157,70,157Yb,146155.348,1265.875,8.063
157,71,157Lu,146161.796,1258.134,8.014
157,73,157Ta,146177.627,1239.716,7.896
158,61,158Pm,147085.793,1286.636,8.143
158,62,158Sm,147079.162,1291.973,8.177
158,63,158Eu,147076.651,1293.191,8.185
158,64,158Gd,147072.653,1295.896,8.202
158,65,158Tb,147073.362,1293.894,8.189
158,66,158Dy,147071.916,1294.046,8.19
158,67,158Ho,147075.626,1289.043,8.158
158,68,158Er,147076.002,1287.373,8.148
158,69,158Tm,147082.092,1279.99,8.101
158,70,158Yb,147084.269,1276.52,8.079
158,71,158Lu,147092.559,1266.936,8.019
158,72,158Hf,147097.158,1261.044,7.981
159,62,159Sm,148013.656,1297.045,8.158
159,63,159Eu,148009.302,1300.105,8.177
159,64,159Gd,148006.276,1301.839,8.188
159,65,159Tb,148004.794,1302.027,8.189
159,66,159Dy,148004.649,1300.879,8.182
159,67,159Ho,148005.975,1298.259,8.165
159,68,159Er,148008.233,1294.708,8.143
159,69,159Tm,148011.719,1289.928,8.113
159,70,159Yb,148015.935,1284.419,8.078
159,71,159Lu,148021.557,1277.504,8.035
159,72,159Hf,148027.902,1269.865,7.987
159,73,159Ta,148035.797,1260.677,7.929
160,64,160Gd,148938.39,1309.29,8.183
160,65,160Tb,148937.984,1308.402,8.178
160,66,160Dy,148935.638,1309.455,8.184
160,67,160Ho,148938.417,1305.382,8.159
160,68,160Er,148938.236,1304.27,8.152
160,69,160Tm,148943.483,1297.73,8.111
160,70,160Yb,148945.102,1294.817,8.093
160,71,160Lu,148952.491,1286.135,8.038
160,72,160Hf,148956.313,1281.02,8.006
160,73,160Ta,148965.859,1270.18,7.939
160,74,160W,148971.868,1262.878,7.893
161,64,161Gd,149872.319,1314.925,8.167
161,65,161Tb,149869.853,1316.099,8.175
161,66,161Dy,149868.749,1315.909,8.173
161,67,161Ho,149869.096,1314.269,8.163
161,68,161Er,149870.579,1311.492,8.146
161,69,161Tm,149873.378,1307.4,8.12
161,70,161Yb,149876.922,1302.563,8.09
161,71,161Lu,149881.693,1296.498,8.053
161,72,161Hf,149887.425,1289.473,8.009
161,75,161Re,149911.331,1261.687,7.837
162,64,162Gd,150805.039,1321.771,8.159
162,65,162Tb,150803.135,1322.382,8.163
162,66,162Dy,150800.117,1324.106,8.173
162,67,162Ho,150801.746,1321.184,8.155
162,68,162Er,150800.939,1320.698,8.152
162,69,162Tm,150805.287,1315.056,8.118
162,70,162Yb,150806.428,1312.622,8.103
162,71,162Lu,150812.909,1304.848,8.055
162,72,162Hf,150816.065,1300.398,8.027
162,73,162Ta,150824.947,1290.223,7.964
162,74,162W,150830.214,1283.663,7.924
163,65,163Tb,151735.708,1329.374,8.156
163,66,163Dy,151733.412,1330.377,8.162
163,67,163Ho,151732.903,1329.592,8.157
163,68,163Er,151733.602,1327.6,8.145
163,69,163Tm,151735.53,1324.379,8.125
163,70,163Yb,151738.45,1320.165,8.099
163,71,163Lu,151742.452,1314.87,8.067
163,72,163Hf,151747.446,1308.583,8.028
163,73,163Ta,151753.681,1301.054,7.982
163,74,163W,151760.8,1292.642,7.93
163,75,163Re,151769.192,1282.957,7.871
164,65,164Tb,152669.723,1334.924,8.14
164,66,164Dy,152665.319,1338.035,8.159
164,67,164Ho,152665.794,1336.267,8.148
164,68,164Er,152664.32,1336.447,8.149
164,69,164Tm,152667.871,1331.603,8.12
164,70,164Yb,152668.225,1329.956,8.109
164,71,164Lu,152674.095,1322.792,8.066
164,72,164Hf,152676.404,1319.19,8.044
164,73,164Ta,152684.432,1309.869,7.987
164,74,164W,152688.97,1304.037,7.951
164,76,164Os,152705.722,1284.699,7.834
165,66,165Dy,153599.168,1343.751,8.144
165,67,165Ho,153597.371,1344.256,8.147
165,68,165Er,153597.236,1343.097,8.14
165,69,165Tm,153598.317,1340.722,8.126
165,70,165Yb,153600.455,1337.291,8.105
165,71,165Lu,153603.789,1332.664,8.077
165,72,165Hf,153608.084,1327.075,8.043
165,73,165Ta,153613.354,1320.512,8.003
165,74,165W,153619.836,1312.737,7.956
165,75,165Re,153627.53,1303.749,7.902
166,65,166Tb,154537.031,1346.747,8.113
166,66,166Dy,154531.69,1350.795,8.137
166,67,166Ho,154530.692,1350.499,8.136
166,68,166Er,154528.327,1351.572,8.142
166,69,166Tm,154530.853,1347.752,8.119
166,70,166Yb,154530.648,1346.663,8.112
166,71,166Lu,154535.704,1340.314,8.074
166,72,166Hf,154537.355,1337.37,8.056
166,73,166Ta,154544.605,1328.826,8.005
166,74,166W,154548.3,1323.838,7.975
166,76,166Os,154563.732,1305.819,7.866
167,66,167Dy,155465.834,1356.216,8.121
167,67,167Ho,155462.976,1357.781,8.13
167,68,167Er,155461.456,1358.008,8.132
167,69,167Tm,155461.693,1356.477,8.123
167,70,167Yb,155463.136,1353.741,8.106
167,71,167Lu,155465.719,1349.864,8.083
167,72,167Hf,155469.24,1345.05,8.054
167,73,167Ta,155473.846,1339.151,8.019
167,74,167W,155479.597,1332.106,7.977
167,76,167Os,155494.164,1314.953,7.874
167,77,167Ir,155503.074,1304.749,7.813
168,66,168Dy,156398.708,1362.907,8.113
168,67,168Ho,156396.687,1363.635,8.117
168,68,168Er,156393.25,1365.779,8.13
168,69,168Tm,156394.418,1363.318,8.115
168,70,168Yb,156393.649,1362.793,8.112
168,71,168Lu,156397.653,1357.496,8.08
168,72,168Hf,156398.841,1355.014,8.066
168,73,168Ta,156405.297,1347.265,8.019
168,74,168W,156408.29,1342.979,7.994
168,75,168Re,156416.879,1333.096,7.935
168,76,168Os,156422.167,1326.515,7.896
168,78,168Pt,156440.096,1305.999,7.774
169,66,169Dy,157333.162,1368.019,8.095
169,67,169Ho,157329.448,1370.439,8.109
169,68,169Er,157326.812,1371.783,8.117
169,69,169Tm,157325.949,1371.352,8.115
169,70,169Yb,157326.348,1369.659,8.104
169,71,169Lu,157328.13,1366.584,8.086
169,72,169Hf,157330.979,1362.442,8.062
169,73,169Ta,157334.895,1357.232,8.031
169,74,169W,157339.756,1351.078,7.995
169,75,169Re,157345.777,1343.764,7.951
169,76,169Os,157352.931,1335.316,7.901
169,77,169Ir,157361.06,1325.894,7.846
170,67,170Ho,158263.505,1375.948,8.094
170,68,170Er,158259.12,1379.04,8.112
170,69,170Tm,158258.923,1377.944,8.106
170,70,170Yb,158257.443,1378.13,8.107
170,71,170Lu,158260.391,1373.888,8.082
170,72,170Hf,158260.936,1372.05,8.071
170,73,170Ta,158266.541,1365.152,8.03
170,74,170W,158268.875,1361.524,8.009
170,75,170Re,158276.739,1352.367,7.955
170,76,170Os,158281.218,1346.595,7.921
170,78,170Pt,158297.818,1327.408,7.808
171,67,171Ho,159196.719,1382.299,8.084
171,68,171Er,159193.003,1384.721,8.098
171,69,171Tm,159191.002,1385.43,8.102
171,70,171Yb,159190.394,1384.744,8.098
171,71,171Lu,159191.362,1382.483,8.085
171,72,171Hf,159193.253,1379.298,8.066
171,73,171Ta,159196.453,1374.805,8.04
171,74,171W,159200.576,1369.389,8.008
171,75,171Re,159205.901,1362.77,7.969
171,76,171Os,159212.347,1355.031,7.924
171,77,171Ir,159219.699,1346.386,7.874
171,78,171Pt,159228.148,1336.643,7.817
171,79,171Au,159237.542,1325.956,7.754
172,68,172Er,160125.733,1391.557,8.09
172,69,172Tm,160124.331,1391.666,8.091
172,70,172Yb,160121.94,1392.764,8.097
172,71,172Lu,160123.948,1389.462,8.078
172,72,172Hf,160123.774,1388.343,8.072
172,73,172Ta,160128.337,1382.486,8.038
172,74,172W,160130.059,1379.471,8.02
172,75,172Re,160137.125,1371.112,7.972
172,76,172Os,160140.896,1366.047,7.942
172,78,172Pt,160156.011,1348.346,7.839
172,80,172Hg,160175,1326.77,7.714
173,69,173Tm,161056.946,1398.616,8.084
173,70,173Yb,161055.138,1399.131,8.087
173,71,173Lu,161055.298,1397.678,8.079
173,72,173Hf,161056.26,1395.422,8.066
173,73,173Ta,161058.764,1391.625,8.044
173,74,173W,161061.923,1387.172,8.018
173,75,173Re,161066.585,1381.217,7.984
173,76,173Os,161072.19,1374.319,7.944
173,77,173Ir,161078.845,1366.37,7.898
173,78,173Pt,161086.666,1357.256,7.845
173,79,173Au,161095.275,1347.354,7.788
174,69,174Tm,161990.829,1404.298,8.071
174,70,174Yb,161987.239,1406.595,8.084
174,71,174Lu,161988.102,1404.439,8.071
174,72,174Hf,161987.32,1403.928,8.069
174,73,174Ta,161990.914,1399.04,8.04
174,74,174W,161991.917,1396.744,8.027
174,75,174Re,161997.96,1389.407,7.985
174,76,174Os,162001.126,1384.948,7.959
174,77,174Ir,162009.742,1375.039,7.903
174,78,174Pt,162014.781,1368.706,7.866
174,80,174Hg,162032.431,1348.47,7.75
175,69,175Tm,162923.873,1410.819,8.062
175,70,175Yb,162920.982,1412.418,8.071
175,71,175Lu,162920.001,1412.106,8.069
175,72,175Hf,162920.177,1410.636,8.061
175,73,175Ta,162921.74,1407.779,8.044
175,74,175W,162924.005,1404.221,8.024
175,75,175Re,162927.839,1399.093,7.995
175,76,175Os,162932.511,1393.128,7.961
175,77,175Ir,162938.676,1385.67,7.918
175,78,175Pt,162945.904,1377.148,7.869
175,79,175Au,162953.643,1368.116,7.818
175,80,175Hg,162962.582,1357.884,7.759
176,69,176Tm,163858.317,1415.941,8.045
176,70,176Yb,163853.682,1419.283,8.064
176,71,176Lu,163853.278,1418.394,8.059
176,72,176Hf,163851.577,1418.801,8.061
176,73,176Ta,163854.273,1414.811,8.039
176,74,176W,163854.49,1413.301,8.03
176,75,176Re,163859.558,1406.94,7.994
176,76,176Os,163862.012,1403.192,7.973
176,77,176Ir,163869.738,1394.173,7.921
176,78,176Pt,163874.16,1388.458,7.889
176,80,176Hg,163890.287,1369.744,7.783
177,70,177Yb,164787.681,1424.849,8.05
177,71,177Lu,164785.77,1425.466,8.053
177,72,177Hf,164784.759,1425.185,8.052
177,73,177Ta,164785.413,1423.237,8.041
177,74,177W,164786.924,1420.432,8.025
177,75,177Re,164789.846,1416.217,8.001
177,76,177Os,164793.654,1411.116,7.972
177,77,177Ir,164799.046,1404.43,7.935
177,78,177Pt,164805.212,1396.971,7.892
177,79,177Au,164812.521,1388.369,7.844
177,80,177Hg,164820.78,1378.816,7.79
177,81,177Tl,164829.721,1368.582,7.732
178,70,178Yb,165720.466,1431.629,8.043
178,71,178Lu,165719.31,1431.492,8.042
178,72,178Hf,165716.698,1432.811,8.049
178,73,178Ta,165718.124,1430.091,8.034
178,74,178W,165717.704,1429.218,8.029
178,75,178Re,165721.956,1423.672,7.998
178,76,178Os,165723.552,1420.783,7.982
178,77,178Ir,165730.335,1412.707,7.937
178,78,178Pt,165734.078,1407.67,7.908
178,79,178Au,165743.235,1397.22,7.85
178,80,178Hg,165748.737,1390.425,7.811
178,82,178Pb,165767.6,1368.975,7.691
179,71,179Lu,166652.083,1438.284,8.035
179,72,179Hf,166650.165,1438.91,8.039
179,73,179Ta,166649.759,1438.022,8.034
179,74,179W,166650.31,1436.177,8.023
179,75,179Re,166652.517,1432.677,8.004
179,76,179Os,166655.572,1428.328,7.979
179,77,179Ir,166660.004,1422.603,7.948
179,78,179Pt,166665.306,1416.008,7.911
179,79,179Au,166672.107,1407.913,7.865
179,80,179Hg,166679.626,1399.101,7.816
179,81,179Tl,166687.737,1389.697,7.764
180,71,180Lu,167585.951,1443.981,8.022
180,72,180Hf,167582.342,1446.297,8.035
180,73,180Ta,167582.683,1444.663,8.026
180,74,180W,167581.464,1444.588,8.025
180,75,180Re,167584.757,1440.002,8
180,76,180Os,167585.727,1437.739,7.987
180,77,180Ir,167591.597,1430.575,7.948
180,78,180Pt,167594.628,1426.251,7.924
180,79,180Au,167602.957,1416.629,7.87
180,80,180Hg,167607.797,1410.495,7.836
180,82,180Pb,167625.081,1390.625,7.726
181,72,181Hf,168516.213,1451.992,8.022
181,73,181Ta,168514.672,1452.24,8.023
181,74,181W,168514.348,1451.27,8.018
181,75,181Re,168515.58,1448.744,8.004
181,76,181Os,168518.03,1445.001,7.983
181,77,181Ir,168521.597,1440.141,7.957
181,78,181Pt,168526.183,1434.261,7.924
181,79,181Au,168532.176,1426.975,7.884
181,80,181Hg,168538.875,1418.983,7.84
181,81,181Tl,168546.224,1410.34,7.792
181,82,181Pb,168555.374,1399.897,7.734
182,72,182Hf,169449.059,1458.711,8.015
182,73,182Ta,169448.174,1458.303,8.013
182,74,182W,169445.849,1459.335,8.018
182,75,182Re,169448.135,1455.755,7.999
182,76,182Os,169448.465,1454.131,7.99
182,77,182Ir,169453.511,1447.792,7.955
182,78,182Pt,169455.883,1444.127,7.935
182,79,182Au,169463.24,1435.476,7.887
182,80,182Hg,169467.454,1429.969,7.857
182,81,182Tl,169477.169,1418.961,7.796
182,82,182Pb,169483.182,1411.654,7.756
183,72,183Hf,170383.322,1464.013,8
183,73,183Ta,170380.805,1465.237,8.007
183,74,183W,170379.223,1465.525,8.008
183,75,183Re,170379.268,1464.187,8.001
183,76,183Os,170380.908,1461.254,7.985
183,77,183Ir,170383.86,1457.008,7.962
183,78,183Pt,170387.774,1451.801,7.933
183,79,183Au,170392.848,1445.434,7.899
183,80,183Hg,170398.724,1438.264,7.859
183,81,183Tl,170405.426,1430.269,7.816
183,82,183Pb,170413.933,1420.469,7.762
184,72,184Hf,171316.606,1470.294,7.991
184,73,184Ta,171314.754,1470.853,7.994
184,74,184W,171311.377,1472.937,8.005
184,75,184Re,171312.346,1470.674,7.993
184,76,184Os,171311.806,1469.921,7.989
184,77,184Ir,171315.94,1464.494,7.959
184,78,184Pt,171317.708,1461.432,7.943
184,79,184Au,171324.21,1453.637,7.9
184,80,184Hg,171327.669,1448.885,7.874
184,81,184Tl,171336.617,1438.643,7.819
184,82,184Pb,171341.951,1432.016,7.783
185,73,185Ta,172247.693,1477.479,7.986
185,74,185W,172245.189,1478.691,7.993
185,75,185Re,172244.245,1478.341,7.991
185,76,185Os,172244.747,1476.546,7.981
185,77,185Ir,172246.709,1473.29,7.964
185,78,185Pt,172249.854,1468.852,7.94
185,79,185Au,172254.156,1463.256,7.909
185,80,185Hg,172259.336,1456.783,7.875
185,81,185Tl,172265.241,1449.585,7.836
185,82,185Pb,172272.949,1440.583,7.787
186,73,186Ta,173181.973,1482.765,7.972
186,74,186W,173177.563,1485.882,7.989
186,75,186Re,173177.631,1484.52,7.981
186,76,186Os,173176.051,1484.807,7.983
186,77,186Ir,173179.367,1480.198,7.958
186,78,186Pt,173180.165,1478.107,7.947
186,79,186Au,173185.803,1471.176,7.91
186,80,186Hg,173188.468,1467.217,7.888
186,81,186Tl,173196.306,1458.086,7.839
186,82,186Pb,173201.304,1451.795,7.805
186,83,186Bi,173212.304,1439.501,7.739
187,74,187W,174111.662,1491.348,7.975
187,75,187Re,174109.84,1491.877,7.978
187,76,187Os,174109.326,1491.097,7.974
187,77,187Ir,174110.318,1488.813,7.962
187,78,187Pt,174112.81,1485.027,7.941
187,79,187Au,174116.007,1480.537,7.917
187,80,187Hg,174120.383,1474.868,7.887
187,81,187Tl,174125.546,1468.411,7.852
187,82,187Pb,174132.499,1460.165,7.808
187,83,187Bi,174140.595,1450.776,7.758
188,74,188W,175044.394,1498.182,7.969
188,75,188Re,175043.533,1497.749,7.967
188,76,188Os,175040.902,1499.087,7.974
188,77,188Ir,175043.2,1495.496,7.955
188,78,188Pt,175043.194,1494.209,7.948
188,79,188Au,175048.205,1487.904,7.914
188,80,188Hg,175049.793,1485.023,7.899
188,81,188Tl,175057.134,1476.389,7.853
188,82,188Pb,175061.158,1471.071,7.825
188,83,188Bi,175071.262,1459.674,7.764
188,84,188Po,175077.413,1452.23,7.725
189,74,189W,175979.075,1503.066,7.953
189,75,189Re,175976.066,1504.782,7.962
189,76,189Os,175974.547,1505.007,7.963
189,77,189Ir,175974.569,1503.692,7.956
189,78,189Pt,175976.028,1500.94,7.941
189,79,189Au,175978.418,1497.257,7.922
189,80,189Hg,175981.859,1492.522,7.897
189,81,189Tl,175986.376,1486.712,7.866
189,82,189Pb,175992.587,1479.208,7.826
189,83,189Bi,175999.896,1470.605,7.781
189,84,189Po,176008.03,1461.178,7.731
190,74,190W,176911.749,1509.958,7.947
190,75,190Re,176909.968,1510.445,7.95
190,76,190Os,176906.32,1512.799,7.962
190,77,190Ir,176907.764,1510.062,7.948
190,78,190Pt,176906.682,1509.851,7.947
190,79,190Au,176910.613,1504.627,7.919
190,80,190Hg,176911.613,1502.334,7.907
190,81,190Tl,176918.142,1494.511,7.866
190,82,190Pb,176921.544,1489.816,7.841
190,83,190Bi,176930.55,1479.517,7.787
190,84,190Po,176936.376,1472.397,7.749
191,75,191Re,177842.683,1517.296,7.944
191,76,191Os,177840.127,1518.558,7.951
191,77,191Ir,177839.303,1518.088,7.948
191,78,191Pt,177839.801,1516.298,7.939
191,79,191Au,177841.178,1513.627,7.925
191,80,191Hg,177843.884,1509.628,7.904
191,81,191Tl,177847.685,1504.534,7.877
191,82,191Pb,177853.205,1497.72,7.841
191,83,191Bi,177859.704,1489.928,7.801
191,84,191Po,177867.379,1480.96,7.754
192,76,192Os,178772.134,1526.116,7.949
192,77,192Ir,178772.67,1524.286,7.939
192,78,192Pt,178770.7,1524.964,7.943
192,79,192Au,178773.705,1520.666,7.92
192,80,192Hg,178773.96,1519.117,7.912
192,81,192Tl,178779.59,1512.194,7.876
192,82,192Pb,178782.393,1508.098,7.855
192,83,192Bi,178790.888,1498.309,7.804
192,84,192Po,178795.856,1492.048,7.771
193,76,193Os,179706.116,1531.699,7.936
193,77,193Ir,179704.464,1532.058,7.938
193,78,193Pt,179704.01,1531.219,7.934
193,79,193Au,179704.582,1529.354,7.924
193,80,193Hg,179706.414,1526.229,7.908
193,81,193Tl,179709.634,1521.715,7.885
193,82,193Pb,179714.253,1515.803,7.854
193,83,193Bi,179720.059,1508.704,7.817
193,84,193Po,179727.061,1500.408,7.774
193,85,193At,179734.76,1491.416,7.728
194,76,194Os,180638.57,1538.811,7.932
194,77,194Ir,180637.962,1538.125,7.928
194,78,194Pt,180635.218,1539.577,7.936
194,79,194Au,180637.208,1536.293,7.919
194,80,194Hg,180636.766,1535.442,7.915
194,81,194Tl,180641.618,1529.297,7.883
194,82,194Pb,180643.729,1525.892,7.865
194,83,194Bi,180651.436,1516.892,7.819
194,84,194Po,180655.91,1511.125,7.789
194,85,194At,180665.214,1500.527,7.735
195,76,195Os,181572.807,1544.139,7.919
195,77,195Ir,181570.296,1545.357,7.925
195,78,195Pt,181568.678,1545.682,7.927
195,79,195Au,181568.394,1544.673,7.921
195,80,195Hg,181569.453,1542.32,7.909
195,81,195Tl,181571.787,1538.693,7.891
195,82,195Pb,181575.717,1533.47,7.864
195,83,195Bi,181580.896,1526.997,7.831
195,84,195Po,181587.339,1519.261,7.791
195,85,195At,181594.422,1510.885,7.748
195,86,195Rn,181602.457,1501.556,7.7
196,76,196Os,182505.711,1550.801,7.912
196,77,196Ir,182504.04,1551.178,7.914
196,78,196Pt,182500.321,1553.604,7.927
196,79,196Au,182501.318,1551.314,7.915
196,80,196Hg,182500.12,1551.218,7.914
196,81,196Tl,182503.939,1546.106,7.888
196,82,196Pb,182505.564,1543.188,7.873
196,83,196Bi,182512.405,1535.053,7.832
196,84,196Po,182516.429,1529.736,7.805
196,85,196At,182525.472,1519.4,7.752
196,86,196Rn,182530.851,1512.727,7.718
197,77,197Ir,183436.706,1558.078,7.909
197,78,197Pt,183434.04,1559.45,7.916
197,79,197Au,183432.811,1559.386,7.916
197,80,197Hg,183432.9,1558.004,7.909
197,81,197Tl,183434.589,1555.021,7.894
197,82,197Pb,183437.67,1550.647,7.871
197,83,197Bi,183442.22,1544.804,7.842
197,84,197Po,183448.037,1537.693,7.806
197,85,197At,183454.546,1529.891,7.766
197,86,197Rn,183461.855,1521.289,7.722
198,78,198Pt,184366.049,1567.007,7.914
198,79,198Au,184365.864,1565.899,7.909
198,80,198Hg,184363.98,1566.489,7.912
198,81,198Tl,184366.934,1562.242,7.89
198,82,198Pb,184367.863,1560.019,7.879
198,83,198Bi,184374.033,1552.556,7.841
198,84,198Po,184377.418,1547.878,7.818
198,85,198At,184385.71,1538.292,7.769
198,86,198Rn,184390.638,1532.071,7.738
199,77,199Ir,185303.562,1570.352,7.891
199,78,199Pt,185300.059,1572.562,7.902
199,79,199Au,185297.845,1573.483,7.907
199,80,199Hg,185296.882,1573.153,7.905
199,81,199Tl,185297.859,1570.882,7.894
199,82,199Pb,185300.179,1567.269,7.876
199,83,199Bi,185304.098,1562.056,7.85
199,84,199Po,185309.17,1555.691,7.818
199,85,199At,185315.054,1548.514,7.781
199,86,199Rn,185321.843,1540.431,7.741
199,87,199Fr,185329.612,1531.369,7.695
200,78,200Pt,186232.342,1579.844,7.899
200,79,200Au,186231.164,1579.729,7.899
200,80,200Hg,186228.419,1581.181,7.906
200,81,200Tl,186230.364,1577.942,7.89
200,82,200Pb,186230.658,1576.355,7.882
200,83,200Bi,186236.02,1569.7,7.848
200,84,200Po,186238.925,1565.501,7.828
200,85,200At,186246.38,1556.753,7.784
200,86,200Rn,186250.851,1550.989,7.755
200,87,200Fr,186260.466,1540.08,7.7
201,78,201Pt,187166.699,1585.053,7.886
201,79,201Au,187163.527,1586.931,7.895
201,80,201Hg,187161.753,1587.411,7.898
201,81,201Tl,187161.724,1586.148,7.891
201,82,201Pb,187163.137,1583.441,7.878
201,83,201Bi,187166.468,1578.817,7.855
201,84,201Po,187170.848,1573.144,7.827
201,85,201At,187176.073,1566.625,7.794
201,86,201Rn,187182.281,1559.124,7.757
201,87,201Fr,187189.44,1550.672,7.715
202,79,202Au,188097.022,1593.002,7.886
202,80,202Hg,188093.565,1595.165,7.897
202,81,202Tl,188094.417,1593.02,7.886
202,82,202Pb,188093.955,1592.189,7.882
202,83,202Bi,188098.645,1586.205,7.853
202,84,202Po,188100.943,1582.614,7.835
202,85,202At,188107.765,1574.499,7.795
202,86,202Rn,188111.57,1569.4,7.769
202,87,202Fr,188120.474,1559.203,7.719
202,88,202Ra,188126.033,1552.351,7.685
203,79,203Au,189029.773,1599.816,7.881
203,80,203Hg,189027.136,1601.16,7.887
203,81,203Tl,189026.133,1600.87,7.886
203,82,203Pb,189026.596,1599.113,7.877
203,83,203Bi,189029.332,1595.084,7.858
203,84,203Po,189033.054,1590.068,7.833
203,85,203At,189037.687,1584.142,7.804
203,86,203Rn,189043.179,1577.357,7.77
203,87,203Fr,189049.689,1569.553,7.732
203,88,203Ra,189056.957,1560.992,7.69
204,80,204Hg,189959.209,1608.652,7.886
204,81,204Tl,189959.042,1607.526,7.88
204,82,204Pb,189957.767,1607.507,7.88
204,83,204Bi,189961.699,1602.282,7.854
204,84,204Po,189963.521,1599.167,7.839
204,85,204At,189969.469,1591.925,7.804
204,86,204Rn,189972.849,1587.252,7.781
204,87,204Fr,189980.93,1577.878,7.735
204,88,204Ra,189985.865,1571.649,7.704
205,80,205Hg,190893.106,1614.32,7.875
205,81,205Tl,190891.061,1615.072,7.878
205,82,205Pb,190890.601,1614.239,7.874
205,83,205Bi,190892.798,1610.748,7.857
205,84,205Po,190895.84,1606.413,7.836
205,85,205At,190899.866,1601.094,7.81
205,86,205Rn,190904.617,1595.049,7.781
205,87,205Fr,190910.506,1587.867,7.746
205,88,205Ra,190917.145,1579.935,7.707
206,80,206Hg,191825.941,1621.051,7.869
206,81,206Tl,191824.123,1621.575,7.872
206,82,206Pb,191822.079,1622.325,7.875
206,83,206Bi,191825.326,1617.786,7.853
206,84,206Po,191826.661,1615.157,7.841
206,85,206At,191831.912,1608.613,7.809
206,86,206Rn,191834.705,1604.527,7.789
206,87,206Fr,191842.067,1595.871,7.747
206,88,206Ra,191846.364,1590.281,7.72
206,89,206Ac,191855.798,1579.554,7.668
207,80,207Hg,192762.161,1624.396,7.847
207,81,207Tl,192756.836,1628.428,7.867
207,82,207Pb,192754.907,1629.063,7.87
207,83,207Bi,192756.793,1625.883,7.855
207,84,207Po,192759.191,1622.193,7.837
207,85,207At,192762.583,1617.507,7.814
207,86,207Rn,192766.684,1612.113,7.788
207,87,207Fr,192771.964,1605.54,7.756
207,88,207Ra,192777.833,1598.377,7.722
207,89,207Ac,192784.912,1590.005,7.681
208,81,208Tl,193692.614,1632.214,7.847
208,82,208Pb,193687.104,1636.431,7.867
208,83,208Bi,193689.472,1632.77,7.85
208,84,208Po,193690.361,1630.587,7.839
208,85,208At,193694.829,1624.827,7.812
208,86,208Rn,193697.161,1621.201,7.794
208,87,208Fr,193703.628,1613.441,7.757
208,88,208Ra,193707.501,1608.275,7.732
208,89,208Ac,193716.036,1598.446,7.685
209,81,209Tl,194627.22,1637.174,7.833
209,82,209Pb,194622.732,1640.368,7.849
209,83,209Bi,194621.577,1640.23,7.848
209,84,209Po,194622.959,1637.555,7.835
209,85,209At,194625.934,1633.287,7.815
209,86,209Rn,194629.374,1628.554,7.792
209,87,209Fr,194634.023,1622.611,7.764
209,88,209Ra,194639.131,1616.21,7.733
209,89,209Ac,194645.61,1608.438,7.696
209,90,209Th,194652.759,1599.995,7.655
210,81,210Tl,195563.106,1640.854,7.814
210,82,210Pb,195557.113,1645.554,7.836
210,83,210Bi,195556.538,1644.835,7.833
210,84,210Po,195554.866,1645.214,7.834
210,85,210At,195558.336,1640.45,7.812
210,86,210Rn,195560.199,1637.294,7.797
210,87,210Fr,195565.94,1630.26,7.763
210,88,210Ra,195569.236,1625.67,7.741
210,89,210Ac,195577.054,1616.559,7.698
210,90,210Th,195581.796,1610.524,7.669
211,82,211Pb,196492.843,1649.388,7.817
211,83,211Bi,196490.966,1649.972,7.82
211,84,211Po,196489.88,1649.764,7.819
211,85,211At,196490.155,1648.197,7.811
211,86,211Rn,196492.535,1644.523,7.794
211,87,211Fr,196496.622,1639.143,7.768
211,88,211Ra,196501.105,1633.367,7.741
211,89,211Ac,196506.958,1626.22,7.707
211,90,211Th,196513.157,1618.728,7.672
212,82,212Pb,197427.281,1654.515,7.804
212,83,212Bi,197426.201,1654.303,7.803
212,84,212Po,197423.437,1655.773,7.81
212,85,212At,197424.675,1653.242,7.798
212,86,212Rn,197424.125,1652.499,7.795
212,87,212Fr,197428.736,1646.594,7.767
212,88,212Ra,197431.572,1642.465,7.747
212,89,212Ac,197438.532,1634.212,7.709
212,90,212Th,197442.832,1628.618,7.682
212,91,212Pa,197451.84,1618.317,7.634
213,82,213Pb,198363.139,1658.223,7.785
213,83,213Bi,198360.581,1659.488,7.791
213,84,213Po,198358.648,1660.128,7.794
213,85,213At,198358.211,1659.271,7.79
213,86,213Rn,198358.581,1657.608,7.782
213,87,213Fr,198360.218,1654.678,7.768
213,88,213Ra,198363.615,1649.987,7.746
213,89,213Ac,198368.896,1643.413,7.716
213,90,213Th,198374.355,1636.661,7.684
213,91,213Pa,198381.384,1628.338,7.645
214,82,214Pb,199297.636,1663.292,7.772
214,83,214Bi,199296.106,1663.528,7.773
214,84,214Po,199292.325,1666.016,7.785
214,85,214At,199292.904,1664.144,7.776
214,86,214Rn,199291.453,1664.301,7.777
214,87,214Fr,199294.304,1660.157,7.758
214,88,214Ra,199294.852,1658.316,7.749
214,89,214Ac,199300.669,1651.205,7.716
214,90,214Th,199304.441,1646.14,7.692
214,91,214Pa,199312.708,1636.58,7.648
215,83,215Bi,200230.449,1668.751,7.762
215,84,215Po,200227.749,1670.157,7.768
215,85,215At,200226.523,1670.09,7.768
215,86,215Rn,200226.098,1669.222,7.764
215,87,215Fr,200227.074,1666.952,7.753
215,88,215Ra,200228.779,1663.954,7.739
215,89,215Ac,200231.746,1659.694,7.72
215,90,215Th,200236.15,1653.996,7.693
215,91,215Pa,200242.582,1646.271,7.657
216,83,216Bi,201166.168,1672.597,7.744
216,84,216Po,201161.567,1675.905,7.759
216,85,216At,201161.529,1674.649,7.753
216,86,216Rn,201159.017,1675.868,7.759
216,87,216Fr,201161.229,1672.362,7.742
216,88,216Ra,201161.03,1671.268,7.737
216,89,216Ac,201165.351,1665.654,7.711
216,90,216Th,201167.021,1662.69,7.698
216,91,216Pa,201174.006,1654.412,7.659
217,84,217Po,202097.178,1679.859,7.741
217,85,217At,202095.162,1680.581,7.745
217,86,217Rn,202093.914,1680.536,7.744
217,87,217Fr,202094.059,1679.098,7.738
217,88,217Ra,202095.12,1676.743,7.727
217,89,217Ac,202097.429,1673.141,7.71
217,90,217Th,202100.427,1668.85,7.691
217,91,217Pa,202104.77,1663.213,7.665
217,92,217U,202109.889,1656.801,7.635
218,84,218Po,203031.129,1685.473,7.732
218,85,218At,203030.359,1684.95,7.729
218,86,218Rn,203026.966,1687.049,7.739
218,87,218Fr,203028.297,1684.425,7.727
218,88,218Ra,203027.378,1684.051,7.725
218,89,218Ac,203031.056,1679.079,7.702
218,90,218Th,203032.079,1676.763,7.692
218,91,218Pa,203037.863,1669.686,7.659
218,92,218U,203040.603,1665.652,7.641
219,85,219At,203964.151,1690.723,7.72
219,86,219Rn,203962.074,1691.507,7.724
219,87,219Fr,203961.35,1690.937,7.721
219,88,219Ra,203961.615,1689.379,7.714
219,89,219Ac,203963.28,1686.421,7.701
219,90,219Th,203965.669,1682.738,7.684
219,91,219Pa,203969.208,1677.906,7.662
219,92,219U,203973.387,1672.434,7.637
220,85,220At,204899.598,1694.841,7.704
220,86,220Rn,204895.35,1697.796,7.717
220,87,220Fr,204895.709,1696.144,7.71
220,88,220Ra,204893.988,1696.571,7.712
220,89,220Ac,204896.956,1692.31,7.692
220,90,220Th,204897.362,1690.611,7.685
220,91,220Pa,204902.562,1684.117,7.655
221,86,221Rn,205830.703,1702.008,7.701
221,87,221Fr,205828.998,1702.42,7.703
221,88,221Ra,205828.173,1701.952,7.701
221,89,221Ac,205829.218,1699.613,7.691
221,90,221Th,205831.125,1696.413,7.676
221,91,221Pa,205834.056,1692.189,7.657
222,86,222Rn,206764.099,1708.178,7.694
222,87,222Fr,206763.563,1707.42,7.691
222,88,222Ra,206761.024,1708.666,7.697
222,89,222Ac,206762.813,1705.584,7.683
222,90,222Th,206762.884,1704.219,7.677
223,87,223Fr,207697.092,1713.457,7.684
223,88,223Ra,207695.432,1713.824,7.685
223,89,223Ac,207695.512,1712.45,7.679
223,90,223Th,207696.561,1710.108,7.669
223,91,223Pa,207698.984,1706.391,7.652
223,92,223U,207701.993,1702.089,7.633
224,87,224Fr,208631.862,1718.252,7.671
224,88,224Ra,208628.518,1720.302,7.68
224,89,224Ac,208629.415,1718.112,7.67
224,90,224Th,208628.665,1717.569,7.668
224,91,224Pa,208632.028,1712.913,7.647
224,92,224U,208633.361,1710.286,7.635
225,87,225Fr,209565.506,1724.173,7.663
225,88,225Ra,209563.179,1725.207,7.668
225,89,225Ac,209562.312,1724.781,7.666
225,90,225Th,209562.473,1723.326,7.659
225,91,225Pa,209563.992,1720.514,7.647
225,92,225U,209566.518,1716.695,7.63
225,93,225Np,209570.22,1711.699,7.608
226,87,226Fr,210500.56,1728.685,7.649
226,88,226Ra,210496.348,1731.603,7.662
226,89,226Ac,210496.478,1730.18,7.656
226,90,226Th,210494.854,1730.511,7.657
226,91,226Pa,210497.179,1726.892,7.641
226,92,226U,210497.964,1724.814,7.632
227,87,227Fr,211434.334,1734.476,7.641
227,88,227Ra,211431.352,1736.165,7.648
227,89,227Ac,211429.513,1736.71,7.651
227,90,227Th,211428.957,1735.973,7.647
227,91,227Pa,211429.472,1734.165,7.639
227,92,227U,211431.151,1731.192,7.626
227,93,227Np,211434.178,1726.872,7.607
228,88,228Ra,212364.609,1742.473,7.642
228,89,228Ac,212364.052,1741.737,7.639
228,90,228Th,212361.417,1743.078,7.645
228,91,228Pa,212363.058,1740.144,7.632
228,92,228U,212362.848,1739.061,7.627
228,94,228Pu,212368.691,1730.631,7.59
229,87,229Fr,213303.492,1744.449,7.618
229,88,229Ra,213299.724,1746.923,7.628
229,89,229Ac,213297.4,1747.954,7.633
229,90,229Th,213295.726,1748.335,7.635
229,91,229Pa,213295.526,1747.241,7.63
229,92,229U,213296.328,1745.146,7.621
229,93,229Np,213298.386,1741.795,7.606
229,94,229Pu,213301.495,1737.392,7.587
230,88,230Ra,214233.173,1753.04,7.622
230,89,230Ac,214231.954,1752.965,7.622
230,90,230Th,214228.497,1755.129,7.631
230,91,230Pa,214229.297,1753.036,7.622
230,92,230U,214228.226,1752.813,7.621
230,93,230Np,214231.34,1748.406,7.602
230,94,230Pu,214232.523,1745.93,7.591
231,89,231Ac,215165.558,1758.927,7.614
231,90,231Th,215162.944,1760.247,7.62
231,91,231Pa,215162.042,1759.856,7.618
231,92,231U,215161.912,1758.693,7.613
231,93,231Np,215163.224,1756.087,7.602
231,94,231Pu,215165.368,1752.65,7.587
232,89,232Ac,216100.282,1763.768,7.602
232,90,232Th,216096.069,1766.687,7.615
232,91,232Pa,216096.058,1765.405,7.61
232,92,232U,216094.21,1765.96,7.612
232,94,232Pu,216096.943,1760.64,7.589
233,90,233Th,217030.848,1771.474,7.603
233,91,233Pa,217029.094,1771.934,7.605
233,92,233U,217028.013,1771.722,7.604
233,93,233Np,217028.532,1769.91,7.596
233,94,233Pu,217030.121,1767.028,7.584
233,96,233Cm,217036.339,1758.223,7.546
234,90,234Th,217964.223,1777.664,7.597
234,91,234Pa,217963.439,1777.155,7.595
234,92,234U,217960.734,1778.567,7.601
234,93,234Np,217962.032,1775.975,7.59
234,94,234Pu,217961.915,1774.799,7.585
234,96,234Cm,217967.267,1766.86,7.551
235,90,235Th,218899.363,1782.09,7.583
235,91,235Pa,218896.922,1783.237,7.588
235,92,235U,218895.002,1783.864,7.591
235,93,235Np,218894.615,1782.958,7.587
235,94,235Pu,218895.243,1781.036,7.579
236,91,236Pa,219831.436,1788.289,7.577
236,92,236U,219828.021,1790.41,7.586
236,93,236Np,219828.444,1788.694,7.579
236,94,236Pu,219827.456,1788.389,7.578
237,91,237Pa,220765.22,1794.07,7.57
237,92,237U,220762.461,1795.536,7.576
237,93,237Np,220761.431,1795.272,7.575
237,94,237Pu,220761.14,1794.27,7.571
238,91,238Pa,221699.844,1799.011,7.559
238,92,238U,221695.872,1801.69,7.57
238,93,238Np,221695.508,1800.76,7.566
238,94,238Pu,221693.706,1801.269,7.568
238,95,238Am,221695.45,1798.232,7.556
238,96,238Cm,221695.919,1796.469,7.548
239,92,239U,222630.631,1806.496,7.559
239,93,239Np,222628.859,1806.975,7.561
239,94,239Pu,222627.625,1806.916,7.56
239,95,239Am,222627.916,1805.331,7.554
240,92,240U,223564.266,1812.426,7.552
240,93,240Np,223563.355,1812.044,7.55
240,94,240Pu,223560.656,1813.45,7.556
240,95,240Am,223561.53,1811.282,7.547
240,96,240Cm,223561.233,1810.287,7.543
241,93,241Np,224496.794,1818.17,7.544
241,94,241Pu,224494.98,1818.691,7.546
241,95,241Am,224494.448,1817.93,7.543
241,96,241Cm,224494.705,1816.38,7.537
242,93,242Np,225431.448,1823.082,7.533
242,94,242Pu,225428.236,1825.001,7.541
242,95,242Am,225428.476,1823.467,7.535
242,96,242Cm,225427.3,1823.35,7.535
242,98,242Cf,225430.813,1817.25,7.509
243,94,243Pu,226362.767,1830.035,7.531
243,95,243Am,226361.676,1829.832,7.53
243,96,243Cm,226361.173,1829.042,7.527
243,97,243Bk,226362.169,1826.753,7.518
244,94,244Pu,227296.311,1836.056,7.525
244,95,244Am,227295.875,1835.199,7.521
244,96,244Cm,227293.937,1835.844,7.524
244,97,244Bk,227295.688,1832.799,7.511
244,98,244Cf,227295.94,1831.254,7.505
245,94,245Pu,228231.105,1840.827,7.514
245,95,245Am,228229.388,1841.251,7.515
245,96,245Cm,228227.982,1841.364,7.516
245,97,245Bk,228228.282,1839.771,7.509
245,98,245Cf,228229.342,1837.417,7.5
246,94,246Pu,229164.888,1846.61,7.507
246,95,246Am,229163.977,1846.227,7.505
246,96,246Cm,229161.09,1847.822,7.511
246,97,246Bk,229161.93,1845.688,7.503
246,98,246Cf,229161.541,1844.784,7.499
246,100,246Fm,229166.567,1837.171,7.468
247,96,247Cm,230095.499,1852.977,7.502
247,97,247Bk,230094.945,1852.238,7.499
247,98,247Cf,230095.08,1850.81,7.493
248,96,248Cm,231028.851,1859.191,7.497
248,98,248Cf,231027.677,1857.778,7.491
248,100,248Fm,231031.321,1851.547,7.466
249,96,249Cm,231963.703,1863.904,7.486
249,97,249Bk,231962.292,1864.022,7.486
249,98,249Cf,231961.657,1863.364,7.483
250,96,250Cm,232897.436,1869.736,7.479
250,97,250Bk,232896.887,1868.992,7.476
250,98,250Cf,232894.597,1869.989,7.48
250,100,250Fm,232896.477,1865.522,7.462
251,96,251Cm,233832.589,1874.149,7.467
251,97,251Bk,233830.658,1874.786,7.469
251,98,251Cf,233829.054,1875.097,7.471
251,99,251Es,233828.92,1873.938,7.466
251,100,251Fm,233829.884,1871.68,7.457
252,98,252Cf,234762.447,1881.269,7.465
252,99,252Es,234763.192,1879.231,7.457
252,100,252Fm,234762.208,1878.922,7.456
252,102,252No,234767.25,1871.293,7.426
253,98,253Cf,235697.208,1886.074,7.455
253,99,253Es,235696.41,1885.579,7.453
253,100,253Fm,235696.235,1884.46,7.448
254,98,254Cf,236630.742,1892.105,7.449
254,99,254Es,236630.882,1890.672,7.444
254,100,254Fm,236629.284,1890.977,7.445
254,102,254No,236632.081,1885.593,7.424
255,99,255Es,237564.473,1896.646,7.438
255,100,255Fm,237563.672,1896.154,7.436
255,101,255Md,237564.205,1894.327,7.429
255,102,255No,237565.705,1891.534,7.418
256,100,256Fm,238496.853,1902.538,7.432
256,101,256Md,238498.476,1899.622,7.42
256,102,256No,238498.169,1898.635,7.417
256,104,256Rf,238503.559,1890.659,7.385
257,100,257Fm,239431.45,1907.506,7.422
257,101,257Md,239431.347,1906.317,7.418
257,102,257No,239432.08,1904.289,7.41
258,101,258Md,240365.532,1911.696,7.41
260,106,260Sg,242240.857,1909.035,7.342
261,104,261Rf,243168.109,1923.936,7.371
264,108,264Hs,245978.832,1926.736,7.298
265,106,265Sg,246904.568,1943.152,7.333
